[{"userProfilePK":139688925,"calendarDate":"2025-11-28","uuid":"a7ca679a4fbd4c5f8ec92d7aa398163f","durationInMilliseconds":86400000,"totalKilocalories":2272.0,"activeKilocalories":313.0,"bmrKilocalories":1959.0,"wellnessKilocalories":2272.0,"wellnessTotalKilocalories":2272.0,"wellnessActiveKilocalories":313.0,"totalSteps":10448,"dailyStepGoal":10000,"totalDistanceMeters":8132,"wellnessDistanceMeters":8132,"wellnessStartTimeGmt":"2025-11-27T18:30:00.0","wellnessEndTimeGmt":"2025-11-28T18:30:00.0","wellnessStartTimeLocal":"2025-11-28T00:00:00.0","wellnessEndTimeLocal":"2025-11-29T00:00:00.0","highlyActiveSeconds":1877,"activeSeconds":5095,"moderateIntensityMinutes":0,"vigorousIntensityMinutes":0,"isVigorousDay":false,"floorsAscendedInMeters":18.982,"floorsDescendedInMeters":16.199,"userIntensityMinutesGoal":150,"userFloorsAscendedGoal":10,"minHeartRate":63,"maxHeartRate":123,"restingHeartRate":72,"currentDayRestingHeartRate":72,"restingHeartRateTimestamp":1764354600000,"includesWellnessData":true,"includesActivityData":false,"includesCalorieConsumedData":false,"includesSingleMeasurement":false,"includesContinuousMeasurement":false,"includesAllDayPulseOx":false,"includesSleepPulseOx":false,"source":0,"allDayStress":{"userProfilePK":139688925,"calendarDate":"2025-11-28","aggregatorList":[{"type":"TOTAL","averageStressLevel":29,"averageStressLevelIntensity":23,"maxStressLevel":84,"stressIntensityCount":50,"stressOffWristCount":225,"stressTooActiveCount":143,"totalStressCount":418,"totalStressIntensity":564,"stressDuration":900,"restDuration":2100,"activityDuration":8580,"uncategorizedDuration":13500,"totalDuration":25080,"lowDuration":420,"mediumDuration":240,"highDuration":240},{"type":"AWAKE","averageStressLevel":29,"averageStressLevelIntensity":23,"maxStressLevel":84,"stressIntensityCount":50,"stressOffWristCount":225,"stressTooActiveCount":143,"totalStressCount":418,"totalStressIntensity":564,"stressDuration":900,"restDuration":2100,"activityDuration":8580,"uncategorizedDuration":13500,"totalDuration":25080,"lowDuration":420,"mediumDuration":240,"highDuration":240},{"type":"ASLEEP","averageStressLevel":-2,"averageStressLevelIntensity":-2}]},"bodyBattery":{"userProfilePK":139688925,"calendarDate":"2025-11-28","chargedValue":0,"drainedValue":18,"bodyBatteryVersion":3.0,"bodyBatteryStatList":[{"bodyBatteryStatType":"HIGHEST","statsValue":35,"bodyBatteryStatus":"MEASURED","statTimestamp":"2025-11-28T11:25:00.0"},{"bodyBatteryStatType":"LOWEST","statsValue":17,"bodyBatteryStatus":"MODELED","statTimestamp":"2025-11-28T18:06:00.0"},{"bodyBatteryStatType":"MOSTRECENT","statsValue":17,"bodyBatteryStatus":"MEASURED","statTimestamp":"2025-11-28T18:29:00.0"},{"bodyBatteryStatType":"ENDOFDAY","statsValue":17,"bodyBatteryStatus":"MEASURED","statTimestamp":"2025-11-28T18:29:00.0"},{"bodyBatteryStatType":"STARTOFDAY","statsValue":35,"bodyBatteryStatus":"MEASURED","statTimestamp":"2025-11-28T11:25:00.0"}]},"minAvgHeartRate":66,"maxAvgHeartRate":121,"version":86340002,"averageMonitoringEnvironmentAltitude":540.0,"respiration":{"userProfilePK":139688925,"calendarDate":"2025-11-28","avgWakingRespirationValue":14.0,"highestRespirationValue":23.0,"lowestRespirationValue":8.0,"latestRespirationValue":17.0,"latestRespirationTimeGMT":"2025-11-28T18:28:00.0","algorithmVersion":200}},{"userProfilePK":139688925,"calendarDate":"2025-11-29","uuid":"ccbe9b8222a741c58e67b96443f0f12a","durationInMilliseconds":86400000,"totalKilocalories":2047.0,"activeKilocalories":88.0,"bmrKilocalories":1959.0,"wellnessKilocalories":2047.0,"wellnessTotalKilocalories":2047.0,"wellnessActiveKilocalories":88.0,"totalSteps":6349,"dailyStepGoal":10050,"totalDistanceMeters":4857,"wellnessDistanceMeters":4857,"wellnessStartTimeGmt":"2025-11-28T18:30:00.0","wellnessEndTimeGmt":"2025-11-29T18:30:00.0","wellnessStartTimeLocal":"2025-11-29T00:00:00.0","wellnessEndTimeLocal":"2025-11-30T00:00:00.0","highlyActiveSeconds":704,"activeSeconds":2501,"moderateIntensityMinutes":0,"vigorousIntensityMinutes":0,"isVigorousDay":false,"floorsAscendedInMeters":24.693,"floorsDescendedInMeters":20.458,"userIntensityMinutesGoal":150,"userFloorsAscendedGoal":10,"minHeartRate":46,"maxHeartRate":101,"restingHeartRate":60,"currentDayRestingHeartRate":48,"restingHeartRateTimestamp":1764441000000,"includesWellnessData":true,"includesActivityData":false,"includesCalorieConsumedData":false,"includesSingleMeasurement":false,"includesContinuousMeasurement":false,"includesAllDayPulseOx":false,"includesSleepPulseOx":false,"source":0,"allDayStress":{"userProfilePK":139688925,"calendarDate":"2025-11-29","aggregatorList":[{"type":"TOTAL","averageStressLevel":15,"averageStressLevelIntensity":13,"maxStressLevel":81,"stressIntensityCount":667,"stressOffWristCount":678,"stressTooActiveCount":74,"totalStressCount":1419,"totalStressIntensity":33496,"stressDuration":7440,"restDuration":32580,"activityDuration":4440,"uncategorizedDuration":40680,"totalDuration":85140,"lowDuration":5220,"mediumDuration":2160,"highDuration":60},{"type":"AWAKE","averageStressLevel":34,"averageStressLevelIntensity":28,"maxStressLevel":81,"stressIntensityCount":213,"stressOffWristCount":672,"stressTooActiveCount":74,"totalStressCount":959,"totalStressIntensity":-916,"stressDuration":7020,"restDuration":5760,"activityDuration":4440,"uncategorizedDuration":40320,"totalDuration":57540,"lowDuration":4860,"mediumDuration":2100,"highDuration":60},{"type":"ASLEEP","averageStressLevel":6,"averageStressLevelIntensity":6,"maxStressLevel":70,"stressIntensityCount":454,"stressOffWristCount":6,"totalStressCount":460,"totalStressIntensity":34412,"stressDuration":420,"restDuration":26820,"uncategorizedDuration":360,"totalDuration":27600,"lowDuration":360,"mediumDuration":60}]},"bodyBattery":{"userProfilePK":139688925,"calendarDate":"2025-11-29","chargedValue":83,"drainedValue":37,"bodyBatteryVersion":3.0,"bodyBatteryStatList":[{"bodyBatteryStatType":"HIGHEST","statsValue":96,"bodyBatteryStatus":"MEASURED","statTimestamp":"2025-11-29T05:08:00.0"},{"bodyBatteryStatType":"LOWEST","statsValue":13,"bodyBatteryStatus":"MEASURED","statTimestamp":"2025-11-28T20:15:00.0"},{"bodyBatteryStatType":"MOSTRECENT","statsValue":63,"bodyBatteryStatus":"MEASURED","statTimestamp":"2025-11-29T10:07:00.0"},{"bodyBatteryStatType":"STARTOFDAY","statsValue":17,"bodyBatteryStatus":"MEASURED","statTimestamp":"2025-11-28T18:31:00.0"},{"bodyBatteryStatType":"SLEEPSTART","statsValue":15,"bodyBatteryStatus":"MEASURED","statTimestamp":"2025-11-28T21:45:00.0"},{"bodyBatteryStatType":"SLEEPEND","statsValue":96,"bodyBatteryStatus":"MEASURED","statTimestamp":"2025-11-29T05:24:00.0"},{"bodyBatteryStatType":"DURINGSLEEP","statsValue":81,"bodyBatteryStatus":"MEASURED","statTimestamp":"2025-11-29T05:24:00.0"}]},"minAvgHeartRate":47,"maxAvgHeartRate":101,"version":41100002,"averageMonitoringEnvironmentAltitude":536.0,"respiration":{"userProfilePK":139688925,"calendarDate":"2025-11-29","avgWakingRespirationValue":14.0,"highestRespirationValue":22.0,"lowestRespirationValue":8.0,"latestRespirationValue":12.0,"latestRespirationTimeGMT":"2025-11-29T09:59:00.0","algorithmVersion":200},"bodyBatteryFeedback":{"userProfilePk":139688925,"calendarDate":{"year":2025,"month":"NOVEMBER","chronology":{"calendarType":"iso8601","id":"ISO"},"dayOfWeek":"SATURDAY","era":"CE","dayOfYear":333,"leapYear":false,"monthValue":11,"dayOfMonth":29},"deviceId":3507193870,"bodyBatteryVersion":3.0,"bodyBatteryDynamicFeedbackEvent":{"eventTimestampGmt":{"dayOfWeek":"SATURDAY","dayOfYear":333,"year":2025,"month":"NOVEMBER","nano":0,"monthValue":11,"dayOfMonth":29,"hour":18,"minute":5,"second":0,"chronology":{"calendarType":"iso8601","id":"ISO"}},"bodyBatteryLevel":3,"feedbackShortType":300,"feedbackLongType":300},"bodyBatteryActivityEventList":[{"eventType":4,"eventStartTimeGmt":{"dayOfWeek":"FRIDAY","dayOfYear":332,"year":2025,"month":"NOVEMBER","nano":0,"monthValue":11,"dayOfMonth":28,"hour":21,"minute":44,"second":9,"chronology":{"calendarType":"iso8601","id":"ISO"}},"eventUpdateTimeGmt":{"dayOfWeek":"SATURDAY","dayOfYear":333,"year":2025,"month":"NOVEMBER","nano":0,"monthValue":11,"dayOfMonth":29,"hour":5,"minute":26,"second":10,"chronology":{"calendarType":"iso8601","id":"ISO"}},"timezoneOffset":19800000,"durationInMilliseconds":27600000,"bodyBatteryImpact":81,"feedbackType":0,"shortFeedback":0}],"version":41100002,"preferredActivityTracker":true}},{"userProfilePK":139688925,"calendarDate":"2025-11-30","uuid":"9d72b4a7360649919dbe0cba014ced3d","durationInMilliseconds":86400000,"totalKilocalories":2008.0,"activeKilocalories":49.0,"bmrKilocalories":1959.0,"wellnessKilocalories":2008.0,"wellnessTotalKilocalories":2008.0,"wellnessActiveKilocalories":49.0,"totalSteps":1739,"dailyStepGoal":9680,"totalDistanceMeters":1305,"wellnessDistanceMeters":1305,"wellnessStartTimeGmt":"2025-11-29T18:30:00.0","wellnessEndTimeGmt":"2025-11-30T18:30:00.0","wellnessStartTimeLocal":"2025-11-30T00:00:00.0","wellnessEndTimeLocal":"2025-12-01T00:00:00.0","highlyActiveSeconds":216,"activeSeconds":786,"moderateIntensityMinutes":0,"vigorousIntensityMinutes":0,"isVigorousDay":false,"floorsAscendedInMeters":16.214,"floorsDescendedInMeters":12.25,"userIntensityMinutesGoal":150,"userFloorsAscendedGoal":10,"minHeartRate":43,"maxHeartRate":113,"restingHeartRate":56,"currentDayRestingHeartRate":48,"restingHeartRateTimestamp":1764527400000,"includesWellnessData":true,"includesActivityData":false,"includesCalorieConsumedData":false,"includesSingleMeasurement":false,"includesContinuousMeasurement":false,"includesAllDayPulseOx":false,"includesSleepPulseOx":false,"source":0,"allDayStress":{"userProfilePK":139688925,"calendarDate":"2025-11-30","aggregatorList":[{"type":"TOTAL","averageStressLevel":22,"averageStressLevelIntensity":18,"maxStressLevel":93,"stressIntensityCount":746,"stressOffWristCount":630,"stressTooActiveCount":19,"totalStressCount":1395,"totalStressIntensity":22152,"stressDuration":16140,"restDuration":28620,"activityDuration":1140,"uncategorizedDuration":37800,"totalDuration":83700,"lowDuration":12480,"mediumDuration":3000,"highDuration":660},{"type":"AWAKE","averageStressLevel":40,"averageStressLevelIntensity":37,"maxStressLevel":93,"stressIntensityCount":275,"stressOffWristCount":630,"stressTooActiveCount":19,"totalStressCount":924,"totalStressIntensity":-4649,"stressDuration":13200,"restDuration":3300,"activityDuration":1140,"uncategorizedDuration":37800,"totalDuration":55440,"lowDuration":9540,"mediumDuration":3000,"highDuration":660},{"type":"ASLEEP","averageStressLevel":11,"averageStressLevelIntensity":11,"maxStressLevel":36,"stressIntensityCount":471,"totalStressCount":471,"totalStressIntensity":26801,"stressDuration":2940,"restDuration":25320,"totalDuration":28260,"lowDuration":2940}]},"bodyBattery":{"userProfilePK":139688925,"calendarDate":"2025-11-30","chargedValue":79,"drainedValue":29,"bodyBatteryVersion":3.0,"bodyBatteryStatList":[{"bodyBatteryStatType":"HIGHEST","statsValue":100,"bodyBatteryStatus":"MEASURED","statTimestamp":"2025-11-30T04:20:00.0"},{"bodyBatteryStatType":"LOWEST","statsValue":21,"bodyBatteryStatus":"MODELED","statTimestamp":"2025-11-29T20:05:00.0"},{"bodyBatteryStatType":"MOSTRECENT","statsValue":32,"bodyBatteryStatus":"MEASURED","statTimestamp":"2025-11-30T18:30:00.0"},{"bodyBatteryStatType":"ENDOFDAY","statsValue":32,"bodyBatteryStatus":"MEASURED","statTimestamp":"2025-11-30T18:30:00.0"},{"bodyBatteryStatType":"STARTOFDAY","statsValue":22,"bodyBatteryStatus":"RESET","statTimestamp":"2025-11-29T19:51:00.0"},{"bodyBatteryStatType":"SLEEPSTART","statsValue":24,"bodyBatteryStatus":"MEASURED","statTimestamp":"2025-11-29T20:51:00.0"},{"bodyBatteryStatType":"SLEEPEND","statsValue":100,"bodyBatteryStatus":"MEASURED","statTimestamp":"2025-11-30T04:56:00.0"},{"bodyBatteryStatType":"DURINGSLEEP","statsValue":76,"bodyBatteryStatus":"MEASURED","statTimestamp":"2025-11-30T04:56:00.0"}]},"minAvgHeartRate":45,"maxAvgHeartRate":112,"version":75960002,"averageMonitoringEnvironmentAltitude":537.0,"respiration":{"userProfilePK":139688925,"calendarDate":"2025-11-30","avgWakingRespirationValue":15.0,"highestRespirationValue":23.0,"lowestRespirationValue":7.0,"latestRespirationValue":18.0,"latestRespirationTimeGMT":"2025-11-30T18:30:00.0","algorithmVersion":200},"bodyBatteryFeedback":{"userProfilePk":139688925,"calendarDate":{"year":2025,"month":"NOVEMBER","chronology":{"calendarType":"iso8601","id":"ISO"},"dayOfWeek":"SUNDAY","era":"CE","dayOfYear":334,"leapYear":false,"monthValue":11,"dayOfMonth":30},"deviceId":3507193870,"bodyBatteryVersion":3.0,"bodyBatteryDynamicFeedbackEvent":{"eventTimestampGmt":{"dayOfWeek":"SUNDAY","dayOfYear":334,"year":2025,"month":"NOVEMBER","nano":0,"monthValue":11,"dayOfMonth":30,"hour":18,"minute":5,"second":0,"chronology":{"calendarType":"iso8601","id":"ISO"}},"bodyBatteryLevel":4,"feedbackShortType":300,"feedbackLongType":300},"bodyBatteryActivityEventList":[{"eventType":4,"eventStartTimeGmt":{"dayOfWeek":"SATURDAY","dayOfYear":333,"year":2025,"month":"NOVEMBER","nano":0,"monthValue":11,"dayOfMonth":29,"hour":20,"minute":50,"second":10,"chronology":{"calendarType":"iso8601","id":"ISO"}},"eventUpdateTimeGmt":{"dayOfWeek":"SUNDAY","dayOfYear":334,"year":2025,"month":"NOVEMBER","nano":0,"monthValue":11,"dayOfMonth":30,"hour":5,"minute":26,"second":27,"chronology":{"calendarType":"iso8601","id":"ISO"}},"timezoneOffset":19800000,"durationInMilliseconds":29160000,"bodyBatteryImpact":76,"feedbackType":0,"shortFeedback":0}],"version":75960002,"preferredActivityTracker":true}},{"userProfilePK":139688925,"calendarDate":"2025-12-01","uuid":"01a00d43bcec438281c3aabc74ebd6ba","durationInMilliseconds":86400000,"totalKilocalories":2168.0,"activeKilocalories":209.0,"bmrKilocalories":1959.0,"wellnessKilocalories":2168.0,"wellnessTotalKilocalories":2168.0,"wellnessActiveKilocalories":209.0,"totalSteps":5462,"dailyStepGoal":8100,"totalDistanceMeters":4137,"wellnessDistanceMeters":4137,"wellnessStartTimeGmt":"2025-11-30T18:30:00.0","wellnessEndTimeGmt":"2025-12-01T18:30:00.0","wellnessStartTimeLocal":"2025-12-01T00:00:00.0","wellnessEndTimeLocal":"2025-12-02T00:00:00.0","highlyActiveSeconds":694,"activeSeconds":2643,"moderateIntensityMinutes":0,"vigorousIntensityMinutes":1,"isVigorousDay":false,"floorsAscendedInMeters":18.959,"floorsDescendedInMeters":17.025,"userIntensityMinutesGoal":150,"userFloorsAscendedGoal":10,"minHeartRate":45,"maxHeartRate":125,"restingHeartRate":55,"currentDayRestingHeartRate":50,"restingHeartRateTimestamp":1764613800000,"includesWellnessData":true,"includesActivityData":false,"includesCalorieConsumedData":false,"includesSingleMeasurement":false,"includesContinuousMeasurement":false,"includesAllDayPulseOx":false,"includesSleepPulseOx":false,"source":0,"allDayStress":{"userProfilePK":139688925,"calendarDate":"2025-12-01","aggregatorList":[{"type":"TOTAL","averageStressLevel":26,"averageStressLevelIntensity":21,"maxStressLevel":99,"stressIntensityCount":1170,"stressOffWristCount":194,"stressTooActiveCount":76,"totalStressCount":1440,"totalStressIntensity":19972,"stressDuration":29880,"restDuration":40320,"activityDuration":4560,"uncategorizedDuration":11640,"totalDuration":86400,"lowDuration":20760,"mediumDuration":7080,"highDuration":2040},{"type":"AWAKE","averageStressLevel":40,"averageStressLevelIntensity":37,"maxStressLevel":99,"stressIntensityCount":658,"stressOffWristCount":194,"stressTooActiveCount":76,"totalStressCount":928,"totalStressIntensity":-11163,"stressDuration":29820,"restDuration":9660,"activityDuration":4560,"uncategorizedDuration":11640,"totalDuration":55680,"lowDuration":20700,"mediumDuration":7080,"highDuration":2040},{"type":"ASLEEP","averageStressLevel":10,"averageStressLevelIntensity":10,"maxStressLevel":29,"stressIntensityCount":512,"totalStressCount":512,"totalStressIntensity":31135,"stressDuration":60,"restDuration":30660,"totalDuration":30720,"lowDuration":60}]},"bodyBattery":{"userProfilePK":139688925,"calendarDate":"2025-12-01","chargedValue":72,"drainedValue":72,"bodyBatteryVersion":3.0,"bodyBatteryStatList":[{"bodyBatteryStatType":"HIGHEST","statsValue":100,"bodyBatteryStatus":"MEASURED","statTimestamp":"2025-12-01T03:17:00.0"},{"bodyBatteryStatType":"LOWEST","statsValue":28,"bodyBatteryStatus":"MEASURED","statTimestamp":"2025-11-30T19:36:00.0"},{"bodyBatteryStatType":"MOSTRECENT","statsValue":32,"bodyBatteryStatus":"MODELED","statTimestamp":"2025-12-01T18:30:00.0"},{"bodyBatteryStatType":"ENDOFDAY","statsValue":32,"bodyBatteryStatus":"MODELED","statTimestamp":"2025-12-01T18:30:00.0"},{"bodyBatteryStatType":"STARTOFDAY","statsValue":32,"bodyBatteryStatus":"MEASURED","statTimestamp":"2025-11-30T18:31:00.0"},{"bodyBatteryStatType":"SLEEPSTART","statsValue":28,"bodyBatteryStatus":"MEASURED","statTimestamp":"2025-11-30T20:01:00.0"},{"bodyBatteryStatType":"SLEEPEND","statsValue":100,"bodyBatteryStatus":"MEASURED","statTimestamp":"2025-12-01T04:32:00.0"},{"bodyBatteryStatType":"DURINGSLEEP","statsValue":72,"bodyBatteryStatus":"MEASURED","statTimestamp":"2025-12-01T04:32:00.0"}]},"minAvgHeartRate":46,"maxAvgHeartRate":122,"version":2,"averageMonitoringEnvironmentAltitude":540.0,"respiration":{"userProfilePK":139688925,"calendarDate":"2025-12-01","avgWakingRespirationValue":14.0,"highestRespirationValue":22.0,"lowestRespirationValue":6.0,"latestRespirationValue":12.0,"latestRespirationTimeGMT":"2025-12-01T16:20:00.0","algorithmVersion":200},"bodyBatteryFeedback":{"userProfilePk":139688925,"calendarDate":{"year":2025,"month":"DECEMBER","chronology":{"calendarType":"iso8601","id":"ISO"},"dayOfWeek":"MONDAY","era":"CE","dayOfYear":335,"leapYear":false,"monthValue":12,"dayOfMonth":1},"deviceId":3507193870,"bodyBatteryVersion":3.0,"bodyBatteryDynamicFeedbackEvent":{"eventTimestampGmt":{"dayOfWeek":"MONDAY","dayOfYear":335,"year":2025,"month":"DECEMBER","nano":0,"monthValue":12,"dayOfMonth":1,"hour":18,"minute":5,"second":0,"chronology":{"calendarType":"iso8601","id":"ISO"}},"bodyBatteryLevel":4,"feedbackShortType":365,"feedbackLongType":451},"bodyBatteryActivityEventList":[{"eventType":4,"eventStartTimeGmt":{"dayOfWeek":"SUNDAY","dayOfYear":334,"year":2025,"month":"NOVEMBER","nano":0,"monthValue":11,"dayOfMonth":30,"hour":20,"minute":0,"second":27,"chronology":{"calendarType":"iso8601","id":"ISO"}},"eventUpdateTimeGmt":{"dayOfWeek":"MONDAY","dayOfYear":335,"year":2025,"month":"DECEMBER","nano":0,"monthValue":12,"dayOfMonth":1,"hour":4,"minute":34,"second":35,"chronology":{"calendarType":"iso8601","id":"ISO"}},"timezoneOffset":19800000,"durationInMilliseconds":30720000,"bodyBatteryImpact":72,"feedbackType":0,"shortFeedback":0}],"version":2,"endOfDayBodyBatteryDynamicFeedbackEvent":{"eventTimestampGmt":{"dayOfWeek":"MONDAY","dayOfYear":335,"year":2025,"month":"DECEMBER","nano":0,"monthValue":12,"dayOfMonth":1,"hour":0,"minute":26,"second":17,"chronology":{"calendarType":"iso8601","id":"ISO"}},"bodyBatteryLevel":4,"feedbackShortType":396,"feedbackLongType":523},"preferredActivityTracker":true}},{"userProfilePK":139688925,"calendarDate":"2025-12-02","uuid":"f1a434875b154e048733456d6672f525","durationInMilliseconds":86400000,"totalKilocalories":2242.0,"activeKilocalories":283.0,"bmrKilocalories":1959.0,"wellnessKilocalories":2242.0,"wellnessTotalKilocalories":2242.0,"wellnessActiveKilocalories":283.0,"totalSteps":6020,"dailyStepGoal":7580,"totalDistanceMeters":4537,"wellnessDistanceMeters":4537,"wellnessStartTimeGmt":"2025-12-01T18:30:00.0","wellnessEndTimeGmt":"2025-12-02T18:30:00.0","wellnessStartTimeLocal":"2025-12-02T00:00:00.0","wellnessEndTimeLocal":"2025-12-03T00:00:00.0","highlyActiveSeconds":1012,"activeSeconds":3645,"moderateIntensityMinutes":0,"vigorousIntensityMinutes":0,"isVigorousDay":false,"floorsAscendedInMeters":15.24,"floorsDescendedInMeters":18.41,"userIntensityMinutesGoal":150,"userFloorsAscendedGoal":10,"minHeartRate":47,"maxHeartRate":126,"restingHeartRate":54,"currentDayRestingHeartRate":51,"restingHeartRateTimestamp":1764700200000,"includesWellnessData":true,"includesActivityData":false,"includesCalorieConsumedData":false,"includesSingleMeasurement":false,"includesContinuousMeasurement":false,"includesAllDayPulseOx":false,"includesSleepPulseOx":false,"source":0,"allDayStress":{"userProfilePK":139688925,"calendarDate":"2025-12-02","aggregatorList":[{"type":"TOTAL","averageStressLevel":25,"averageStressLevelIntensity":19,"maxStressLevel":99,"stressIntensityCount":628,"stressOffWristCount":739,"stressTooActiveCount":69,"totalStressCount":1436,"totalStressIntensity":15702,"stressDuration":7560,"restDuration":30120,"activityDuration":4140,"uncategorizedDuration":44340,"totalDuration":86160,"lowDuration":1800,"mediumDuration":1140,"highDuration":4620},{"type":"AWAKE","averageStressLevel":62,"averageStressLevelIntensity":58,"maxStressLevel":99,"stressIntensityCount":146,"stressOffWristCount":731,"stressTooActiveCount":69,"totalStressCount":946,"totalStressIntensity":-6477,"stressDuration":6840,"restDuration":1920,"activityDuration":4140,"uncategorizedDuration":43860,"totalDuration":56760,"lowDuration":1140,"mediumDuration":1080,"highDuration":4620},{"type":"ASLEEP","averageStressLevel":13,"averageStressLevelIntensity":14,"maxStressLevel":54,"stressIntensityCount":482,"stressOffWristCount":8,"totalStressCount":490,"totalStressIntensity":22179,"stressDuration":720,"restDuration":28200,"uncategorizedDuration":480,"totalDuration":29400,"lowDuration":660,"mediumDuration":60}]},"bodyBattery":{"userProfilePK":139688925,"calendarDate":"2025-12-02","chargedValue":65,"drainedValue":28,"bodyBatteryVersion":3.0,"bodyBatteryStatList":[{"bodyBatteryStatType":"HIGHEST","statsValue":93,"bodyBatteryStatus":"MEASURED","statTimestamp":"2025-12-02T04:04:00.0"},{"bodyBatteryStatType":"LOWEST","statsValue":28,"bodyBatteryStatus":"MEASURED","statTimestamp":"2025-12-01T19:34:00.0"},{"bodyBatteryStatType":"MOSTRECENT","statsValue":32,"bodyBatteryStatus":"MEASURED","statTimestamp":"2025-12-02T14:21:00.0"},{"bodyBatteryStatType":"STARTOFDAY","statsValue":32,"bodyBatteryStatus":"MODELED","statTimestamp":"2025-12-01T18:31:00.0"},{"bodyBatteryStatType":"SLEEPSTART","statsValue":28,"bodyBatteryStatus":"MEASURED","statTimestamp":"2025-12-01T19:48:00.0"},{"bodyBatteryStatType":"SLEEPEND","statsValue":92,"bodyBatteryStatus":"MEASURED","statTimestamp":"2025-12-02T03:57:00.0"},{"bodyBatteryStatType":"DURINGSLEEP","statsValue":64,"bodyBatteryStatus":"MEASURED","statTimestamp":"2025-12-02T03:57:00.0"}]},"minAvgHeartRate":48,"maxAvgHeartRate":119,"version":2,"averageMonitoringEnvironmentAltitude":535.0,"respiration":{"userProfilePK":139688925,"calendarDate":"2025-12-02","avgWakingRespirationValue":14.0,"highestRespirationValue":22.0,"lowestRespirationValue":6.0,"latestRespirationValue":11.0,"latestRespirationTimeGMT":"2025-12-02T14:17:00.0","algorithmVersion":200},"bodyBatteryFeedback":{"userProfilePk":139688925,"calendarDate":{"year":2025,"month":"DECEMBER","chronology":{"calendarType":"iso8601","id":"ISO"},"dayOfWeek":"TUESDAY","era":"CE","dayOfYear":336,"leapYear":false,"monthValue":12,"dayOfMonth":2},"deviceId":3507193870,"bodyBatteryVersion":3.0,"bodyBatteryDynamicFeedbackEvent":{"eventTimestampGmt":{"dayOfWeek":"TUESDAY","dayOfYear":336,"year":2025,"month":"DECEMBER","nano":0,"monthValue":12,"dayOfMonth":2,"hour":18,"minute":5,"second":0,"chronology":{"calendarType":"iso8601","id":"ISO"}},"bodyBatteryLevel":3,"feedbackShortType":300,"feedbackLongType":300},"bodyBatteryActivityEventList":[{"eventType":4,"eventStartTimeGmt":{"dayOfWeek":"MONDAY","dayOfYear":335,"year":2025,"month":"DECEMBER","nano":0,"monthValue":12,"dayOfMonth":1,"hour":19,"minute":47,"second":35,"chronology":{"calendarType":"iso8601","id":"ISO"}},"eventUpdateTimeGmt":{"dayOfWeek":"TUESDAY","dayOfYear":336,"year":2025,"month":"DECEMBER","nano":0,"monthValue":12,"dayOfMonth":2,"hour":4,"minute":11,"second":57,"chronology":{"calendarType":"iso8601","id":"ISO"}},"timezoneOffset":19800000,"durationInMilliseconds":29400000,"bodyBatteryImpact":64,"feedbackType":0,"shortFeedback":0},{"eventType":5,"eventStartTimeGmt":{"dayOfWeek":"TUESDAY","dayOfYear":336,"year":2025,"month":"DECEMBER","nano":0,"monthValue":12,"dayOfMonth":2,"hour":13,"minute":1,"second":57,"chronology":{"calendarType":"iso8601","id":"ISO"}},"eventUpdateTimeGmt":{"dayOfWeek":"TUESDAY","dayOfYear":336,"year":2025,"month":"DECEMBER","nano":0,"monthValue":12,"dayOfMonth":2,"hour":14,"minute":11,"second":29,"chronology":{"calendarType":"iso8601","id":"ISO"}},"timezoneOffset":19800000,"durationInMilliseconds":4020000,"bodyBatteryImpact":-8,"feedbackType":11,"shortFeedback":4}],"version":2,"endOfDayBodyBatteryDynamicFeedbackEvent":{"eventTimestampGmt":{"dayOfWeek":"MONDAY","dayOfYear":335,"year":2025,"month":"DECEMBER","nano":0,"monthValue":12,"dayOfMonth":1,"hour":21,"minute":30,"second":16,"chronology":{"calendarType":"iso8601","id":"ISO"}},"bodyBatteryLevel":4,"feedbackShortType":396,"feedbackLongType":523},"preferredActivityTracker":true}},{"userProfilePK":139688925,"calendarDate":"2025-12-03","uuid":"3bc4551e62a84450af8275f6a7e95eaf","durationInMilliseconds":75720000,"totalKilocalories":2078.0,"activeKilocalories":362.0,"bmrKilocalories":1716.0,"wellnessKilocalories":2078.0,"wellnessTotalKilocalories":2078.0,"wellnessActiveKilocalories":362.0,"restingCaloriesFromActivity":88.0,"totalSteps":5416,"dailyStepGoal":7270,"totalDistanceMeters":4204,"wellnessDistanceMeters":4204,"wellnessStartTimeGmt":"2025-12-02T18:30:00.0","wellnessEndTimeGmt":"2025-12-03T15:32:00.0","wellnessStartTimeLocal":"2025-12-03T00:00:00.0","wellnessEndTimeLocal":"2025-12-03T21:02:00.0","highlyActiveSeconds":425,"activeSeconds":4111,"moderateIntensityMinutes":43,"vigorousIntensityMinutes":9,"isVigorousDay":false,"floorsAscendedInMeters":15.24,"floorsDescendedInMeters":8.473,"userIntensityMinutesGoal":150,"userFloorsAscendedGoal":10,"minHeartRate":44,"maxHeartRate":143,"restingHeartRate":53,"currentDayRestingHeartRate":49,"restingHeartRateTimestamp":1764775920000,"includesWellnessData":true,"includesActivityData":true,"includesCalorieConsumedData":false,"includesSingleMeasurement":false,"includesContinuousMeasurement":false,"includesAllDayPulseOx":false,"includesSleepPulseOx":false,"source":0,"allDayStress":{"userProfilePK":139688925,"calendarDate":"2025-12-03","aggregatorList":[{"type":"TOTAL","averageStressLevel":20,"averageStressLevelIntensity":18,"maxStressLevel":84,"stressIntensityCount":924,"stressOffWristCount":262,"stressTooActiveCount":49,"totalStressCount":1235,"totalStressIntensity":28195,"stressDuration":16680,"restDuration":38760,"activityDuration":2940,"uncategorizedDuration":15720,"totalDuration":74100,"lowDuration":14040,"mediumDuration":2460,"highDuration":180},{"type":"AWAKE","averageStressLevel":31,"averageStressLevelIntensity":27,"maxStressLevel":84,"stressIntensityCount":446,"stressOffWristCount":260,"stressTooActiveCount":48,"totalStressCount":754,"totalStressIntensity":-1327,"stressDuration":16380,"restDuration":10380,"activityDuration":2880,"uncategorizedDuration":15600,"totalDuration":45240,"lowDuration":13740,"mediumDuration":2460,"highDuration":180},{"type":"ASLEEP","averageStressLevel":9,"averageStressLevelIntensity":10,"maxStressLevel":42,"stressIntensityCount":478,"stressOffWristCount":2,"stressTooActiveCount":1,"totalStressCount":481,"totalStressIntensity":29522,"stressDuration":300,"restDuration":28380,"activityDuration":60,"uncategorizedDuration":120,"totalDuration":28860,"lowDuration":300}]},"bodyBattery":{"userProfilePK":139688925,"calendarDate":"2025-12-03","chargedValue":80,"drainedValue":54,"bodyBatteryVersion":3.0,"bodyBatteryStatList":[{"bodyBatteryStatType":"HIGHEST","statsValue":98,"bodyBatteryStatus":"MEASURED","statTimestamp":"2025-12-03T04:28:00.0"},{"bodyBatteryStatType":"LOWEST","statsValue":18,"bodyBatteryStatus":"MEASURED","statTimestamp":"2025-12-02T19:17:00.0"},{"bodyBatteryStatType":"MOSTRECENT","statsValue":46,"bodyBatteryStatus":"MEASURED","statTimestamp":"2025-12-03T13:19:00.0"},{"bodyBatteryStatType":"STARTOFDAY","statsValue":20,"bodyBatteryStatus":"RESET","statTimestamp":"2025-12-02T18:47:00.0"},{"bodyBatteryStatType":"SLEEPSTART","statsValue":18,"bodyBatteryStatus":"MEASURED","statTimestamp":"2025-12-02T20:01:00.0"},{"bodyBatteryStatType":"SLEEPEND","statsValue":96,"bodyBatteryStatus":"MEASURED","statTimestamp":"2025-12-03T04:09:00.0"},{"bodyBatteryStatType":"DURINGSLEEP","statsValue":78,"bodyBatteryStatus":"MEASURED","statTimestamp":"2025-12-03T04:09:00.0"}]},"minAvgHeartRate":47,"maxAvgHeartRate":137,"version":75720000,"averageMonitoringEnvironmentAltitude":537.0,"hydration":{"userProfilePK":139688925,"calendarDate":"2025-12-03","valueInML":0.0,"activityIntakeInML":0.0,"goalInML":2839.056,"capped":false,"sweatLossInML":532.0,"adjustedGoalInML":3371.056,"lastEntryTimestampLocal":"2025-12-03T17:33:53.0"},"respiration":{"userProfilePK":139688925,"calendarDate":"2025-12-03","avgWakingRespirationValue":14.0,"highestRespirationValue":22.0,"lowestRespirationValue":6.0,"latestRespirationValue":12.0,"latestRespirationTimeGMT":"2025-12-03T13:16:00.0","algorithmVersion":200},"bodyBatteryFeedback":{"userProfilePk":139688925,"calendarDate":{"year":2025,"month":"DECEMBER","chronology":{"calendarType":"iso8601","id":"ISO"},"dayOfWeek":"WEDNESDAY","era":"CE","dayOfYear":337,"leapYear":false,"monthValue":12,"dayOfMonth":3},"deviceId":3507193870,"bodyBatteryVersion":3.0,"bodyBatteryDynamicFeedbackEvent":{"eventTimestampGmt":{"dayOfWeek":"WEDNESDAY","dayOfYear":337,"year":2025,"month":"DECEMBER","nano":0,"monthValue":12,"dayOfMonth":3,"hour":14,"minute":38,"second":11,"chronology":{"calendarType":"iso8601","id":"ISO"}},"bodyBatteryLevel":3,"feedbackShortType":359,"feedbackLongType":438},"bodyBatteryActivityEventList":[{"eventType":4,"eventStartTimeGmt":{"dayOfWeek":"TUESDAY","dayOfYear":336,"year":2025,"month":"DECEMBER","nano":0,"monthValue":12,"dayOfMonth":2,"hour":20,"minute":0,"second":57,"chronology":{"calendarType":"iso8601","id":"ISO"}},"eventUpdateTimeGmt":{"dayOfWeek":"WEDNESDAY","dayOfYear":337,"year":2025,"month":"DECEMBER","nano":0,"monthValue":12,"dayOfMonth":3,"hour":4,"minute":46,"second":27,"chronology":{"calendarType":"iso8601","id":"ISO"}},"timezoneOffset":19800000,"durationInMilliseconds":29340000,"bodyBatteryImpact":78,"feedbackType":0,"shortFeedback":0},{"eventType":0,"eventStartTimeGmt":{"dayOfWeek":"WEDNESDAY","dayOfYear":337,"year":2025,"month":"DECEMBER","nano":0,"monthValue":12,"dayOfMonth":3,"hour":12,"minute":3,"second":53,"chronology":{"calendarType":"iso8601","id":"ISO"}},"eventUpdateTimeGmt":{"dayOfWeek":"WEDNESDAY","dayOfYear":337,"year":2025,"month":"DECEMBER","nano":0,"monthValue":12,"dayOfMonth":3,"hour":13,"minute":8,"second":9,"chronology":{"calendarType":"iso8601","id":"ISO"}},"timezoneOffset":19800000,"durationInMilliseconds":3840000,"bodyBatteryImpact":-7,"feedbackType":29,"shortFeedback":15}],"version":75720000,"endOfDayBodyBatteryDynamicFeedbackEvent":{"eventTimestampGmt":{"dayOfWeek":"WEDNESDAY","dayOfYear":337,"year":2025,"month":"DECEMBER","nano":0,"monthValue":12,"dayOfMonth":3,"hour":1,"minute":43,"second":13,"chronology":{"calendarType":"iso8601","id":"ISO"}},"bodyBatteryLevel":4,"feedbackShortType":420,"feedbackLongType":580},"preferredActivityTracker":true}}]