[{"version":1765135644469,"metaData":{"userProfilePk":139688925,"activityUuid":{"uuid":"ea1cca64-9c8b-40cf-956f-d0e0095840fb"},"deviceMetaData":{"deviceId":3507193870,"deviceTypeId":37125,"deviceVersionId":1001940,"deviceVersion":"26.8.0.0"}},"calendarDate":"2025-12-08","rulePK":2,"activityName":"Health Snapshot - Night","wellnessActivityType":"HEALTH_MONITORING","startTimestampGMT":"2025-12-07T19:25:16.0","endTimestampGMT":"2025-12-07T19:27:16.168","startTimestampLocal":"2025-12-08T00:55:16.0","endTimestampLocal":"2025-12-08T00:57:16.168","createDate":"2025-12-07T19:27:24.469","updateDate":"2025-12-07T19:27:24.469","snapshotTimeOfDayType":"NIGHT","summaryTypeDataList":[{"summaryType":"HEART_RATE","minValue":56.0,"maxValue":69.0,"avgValue":62.0},{"summaryType":"RESPIRATION","minValue":14.0,"maxValue":17.0,"avgValue":15.600000381469727},{"summaryType":"STRESS","minValue":16.0,"maxValue":32.0,"avgValue":23.0},{"summaryType":"SPO2","minValue":89.0,"maxValue":95.0,"avgValue":93.0},{"summaryType":"RMSSD_HRV","avgValue":67.0},{"summaryType":"SDRR_HRV","avgValue":75.0}],"timeInZoneList":[{"zoneNumber":0,"millisInZone":120000,"zoneLowBoundary":0},{"zoneNumber":1,"millisInZone":0,"zoneLowBoundary":99},{"zoneNumber":2,"millisInZone":0,"zoneLowBoundary":118},{"zoneNumber":3,"millisInZone":0,"zoneLowBoundary":138},{"zoneNumber":4,"millisInZone":0,"zoneLowBoundary":158},{"zoneNumber":5,"millisInZone":0,"zoneLowBoundary":177}]}]