[{"version":1764328730716,"metaData":{"userProfilePK":139688925,"calendarDate":"2025-11-28T16:48:50.595","sequence":1764328730716},"userSetNullForHeight":true,"userSetNullForWeight":true,"userSetNullForActivityClass":true,"userSetNullForLactateThresholdSpeed":true,"userSetNullForLactateThresholdHR":true,"userSetNullForVO2MaxCycling":true,"userSetNullForVO2MaxRunning":true},{"version":1764328903564,"metaData":{"userProfilePK":139688925,"calendarDate":"2025-11-28T16:51:43.537","sequence":1764328903564},"height":175.0,"userSetNullForHeight":false,"userSetNullForWeight":false,"userSetNullForActivityClass":false,"userSetNullForLactateThresholdSpeed":false,"userSetNullForLactateThresholdHR":false,"userSetNullForVO2MaxCycling":false,"userSetNullForVO2MaxRunning":false},{"version":1764328908598,"metaData":{"userProfilePK":139688925,"calendarDate":"2025-11-28T16:51:48.587","sequence":1764328908598},"height":165.10000610351562,"userSetNullForHeight":false,"userSetNullForWeight":false,"userSetNullForActivityClass":false,"userSetNullForLactateThresholdSpeed":false,"userSetNullForLactateThresholdHR":false,"userSetNullForVO2MaxCycling":false,"userSetNullForVO2MaxRunning":false},{"version":1764328908626,"metaData":{"userProfilePK":139688925,"calendarDate":"2025-11-28T16:51:48.587","sequence":1764328908626},"weight":{"weight":88450.0,"sourceType":"USER_SETTING","timestampGMT":"2025-11-28T11:21:48.587"},"userSetNullForHeight":false,"userSetNullForWeight":false,"userSetNullForActivityClass":false,"userSetNullForLactateThresholdSpeed":false,"userSetNullForLactateThresholdHR":false,"userSetNullForVO2MaxCycling":false,"userSetNullForVO2MaxRunning":false},{"version":1764328943148,"metaData":{"userProfilePK":139688925,"calendarDate":"2025-11-28T16:52:23.118","sequence":1764328943148},"weight":{"weight":69000.0,"sourceType":"USER_SETTING","timestampGMT":"2025-11-28T11:22:23.118"},"userSetNullForHeight":false,"userSetNullForWeight":false,"userSetNullForActivityClass":false,"userSetNullForLactateThresholdSpeed":false,"userSetNullForLactateThresholdHR":false,"userSetNullForVO2MaxCycling":false,"userSetNullForVO2MaxRunning":false},{"version":1764328943254,"metaData":{"userProfilePK":139688925,"calendarDate":"2025-11-28T16:52:23.233","sequence":1764328943254},"weight":{"weight":69000.0,"sourceType":"USER_SETTING","timestampGMT":"2025-11-28T11:22:23.233"},"userSetNullForHeight":false,"userSetNullForWeight":false,"userSetNullForActivityClass":false,"userSetNullForLactateThresholdSpeed":false,"userSetNullForLactateThresholdHR":false,"userSetNullForVO2MaxCycling":false,"userSetNullForVO2MaxRunning":false},{"version":1764329205844,"metaData":{"userProfilePK":139688925,"calendarDate":"2025-11-28T16:56:45.844","sequence":1764329205844},"functionalThresholdPower":191,"sportId":2,"userSetNullForHeight":false,"userSetNullForWeight":false,"userSetNullForActivityClass":false,"userSetNullForLactateThresholdSpeed":false,"userSetNullForLactateThresholdHR":false,"userSetNullForVO2MaxCycling":false,"userSetNullForVO2MaxRunning":false},{"version":1764329205857,"metaData":{"userProfilePK":139688925,"calendarDate":"2025-11-28T16:56:45.857","sequence":1764329205857},"functionalThresholdPower":394,"sportId":1,"userSetNullForHeight":false,"userSetNullForWeight":false,"userSetNullForActivityClass":false,"userSetNullForLactateThresholdSpeed":false,"userSetNullForLactateThresholdHR":false,"userSetNullForVO2MaxCycling":false,"userSetNullForVO2MaxRunning":false},{"version":1764329205869,"metaData":{"userProfilePK":139688925,"calendarDate":"2025-11-28T16:56:45.869","sequence":1764329205869},"functionalThresholdPower":114,"sportId":12,"userSetNullForHeight":false,"userSetNullForWeight":false,"userSetNullForActivityClass":false,"userSetNullForLactateThresholdSpeed":false,"userSetNullForLactateThresholdHR":false,"userSetNullForVO2MaxCycling":false,"userSetNullForVO2MaxRunning":false}]