[{"calendarDate":"2025-11-29","createTimestampUTC":"2025-11-29T05:50:37.327","updateTimestampUTC":"2025-11-29T05:50:37.327","outliersCount":0,"metrics":[{"type":"HRV","value":73.0,"baselineUpperLimit":0.0,"baselineLowerLimit":0.0,"status":"ONBOARDING","percentage":0.0,"feedbackKey":"LHA_OFF_YOUR_BASELINE_FEEDBACK_HRV_UNKNOWN"},{"type":"HR","value":55.0,"baselineUpperLimit":0.0,"baselineLowerLimit":0.0,"status":"ONBOARDING","percentage":0.0,"feedbackKey":"LHA_OFF_YOUR_BASELINE_FEEDBACK_HEART_RATE_UNKNOWN"},{"type":"SPO2","baselineUpperLimit":0.0,"baselineLowerLimit":0.0,"status":"UNKNOWN","percentage":0.0,"feedbackKey":"LHA_OFF_YOUR_BASELINE_FEEDBACK_BLOOD_OXYGEN_UNKNOWN"},{"type":"SKIN_TEMP_C","baselineUpperLimit":0.0,"baselineLowerLimit":0.0,"status":"UNKNOWN","percentage":0.0,"feedbackKey":"LHA_OFF_YOUR_BASELINE_FEEDBACK_SKIN_TEMPERATURE_UNKNOWN"},{"type":"RESPIRATION","value":15.4,"baselineUpperLimit":0.0,"baselineLowerLimit":0.0,"status":"ONBOARDING","percentage":0.0,"feedbackKey":"LHA_OFF_YOUR_BASELINE_FEEDBACK_RESPIRATION_RATE_UNKNOWN"}]},{"calendarDate":"2025-11-30","createTimestampUTC":"2025-11-30T05:26:47.900","updateTimestampUTC":"2025-11-30T05:26:47.900","outliersCount":0,"metrics":[{"type":"HRV","value":68.0,"baselineUpperLimit":0.0,"baselineLowerLimit":0.0,"status":"ONBOARDING","percentage":0.0,"feedbackKey":"LHA_OFF_YOUR_BASELINE_FEEDBACK_HRV_UNKNOWN"},{"type":"HR","value":53.0,"baselineUpperLimit":0.0,"baselineLowerLimit":0.0,"status":"ONBOARDING","percentage":0.0,"feedbackKey":"LHA_OFF_YOUR_BASELINE_FEEDBACK_HEART_RATE_UNKNOWN"},{"type":"SPO2","baselineUpperLimit":0.0,"baselineLowerLimit":0.0,"status":"UNKNOWN","percentage":0.0,"feedbackKey":"LHA_OFF_YOUR_BASELINE_FEEDBACK_BLOOD_OXYGEN_UNKNOWN"},{"type":"SKIN_TEMP_C","baselineUpperLimit":0.0,"baselineLowerLimit":0.0,"status":"UNKNOWN","percentage":0.0,"feedbackKey":"LHA_OFF_YOUR_BASELINE_FEEDBACK_SKIN_TEMPERATURE_UNKNOWN"},{"type":"RESPIRATION","value":15.3,"baselineUpperLimit":0.0,"baselineLowerLimit":0.0,"status":"ONBOARDING","percentage":0.0,"feedbackKey":"LHA_OFF_YOUR_BASELINE_FEEDBACK_RESPIRATION_RATE_UNKNOWN"}]},{"calendarDate":"2025-12-01","createTimestampUTC":"2025-12-03T15:02:38.490","updateTimestampUTC":"2025-12-03T15:02:38.490","outliersCount":0,"metrics":[{"type":"HRV","value":68.0,"baselineUpperLimit":0.0,"baselineLowerLimit":0.0,"status":"ONBOARDING","percentage":0.0,"feedbackKey":"LHA_OFF_YOUR_BASELINE_FEEDBACK_HRV_UNKNOWN"},{"type":"HR","value":52.0,"baselineUpperLimit":0.0,"baselineLowerLimit":0.0,"status":"ONBOARDING","percentage":0.0,"feedbackKey":"LHA_OFF_YOUR_BASELINE_FEEDBACK_HEART_RATE_UNKNOWN"},{"type":"SPO2","baselineUpperLimit":0.0,"baselineLowerLimit":0.0,"status":"UNKNOWN","percentage":0.0,"feedbackKey":"LHA_OFF_YOUR_BASELINE_FEEDBACK_BLOOD_OXYGEN_UNKNOWN"},{"type":"SKIN_TEMP_C","baselineUpperLimit":0.0,"baselineLowerLimit":0.0,"status":"UNKNOWN","percentage":0.0,"feedbackKey":"LHA_OFF_YOUR_BASELINE_FEEDBACK_SKIN_TEMPERATURE_UNKNOWN"},{"type":"RESPIRATION","value":14.5,"baselineUpperLimit":0.0,"baselineLowerLimit":0.0,"status":"ONBOARDING","percentage":0.0,"feedbackKey":"LHA_OFF_YOUR_BASELINE_FEEDBACK_RESPIRATION_RATE_UNKNOWN"}]},{"calendarDate":"2025-12-02","createTimestampUTC":"2025-12-03T15:02:56.165","updateTimestampUTC":"2025-12-03T15:02:56.165","outliersCount":0,"metrics":[{"type":"HRV","value":63.0,"baselineUpperLimit":0.0,"baselineLowerLimit":0.0,"status":"ONBOARDING","percentage":0.0,"feedbackKey":"LHA_OFF_YOUR_BASELINE_FEEDBACK_HRV_UNKNOWN"},{"type":"HR","value":54.0,"baselineUpperLimit":0.0,"baselineLowerLimit":0.0,"status":"ONBOARDING","percentage":0.0,"feedbackKey":"LHA_OFF_YOUR_BASELINE_FEEDBACK_HEART_RATE_UNKNOWN"},{"type":"SPO2","baselineUpperLimit":0.0,"baselineLowerLimit":0.0,"status":"UNKNOWN","percentage":0.0,"feedbackKey":"LHA_OFF_YOUR_BASELINE_FEEDBACK_BLOOD_OXYGEN_UNKNOWN"},{"type":"SKIN_TEMP_C","baselineUpperLimit":0.0,"baselineLowerLimit":0.0,"status":"UNKNOWN","percentage":0.0,"feedbackKey":"LHA_OFF_YOUR_BASELINE_FEEDBACK_SKIN_TEMPERATURE_UNKNOWN"},{"type":"RESPIRATION","value":14.5,"baselineUpperLimit":0.0,"baselineLowerLimit":0.0,"status":"ONBOARDING","percentage":0.0,"feedbackKey":"LHA_OFF_YOUR_BASELINE_FEEDBACK_RESPIRATION_RATE_UNKNOWN"}]},{"calendarDate":"2025-12-03","createTimestampUTC":"2025-12-03T15:03:21.623","updateTimestampUTC":"2025-12-03T15:03:21.623","outliersCount":0,"metrics":[{"type":"HRV","value":68.0,"baselineUpperLimit":0.0,"baselineLowerLimit":0.0,"status":"ONBOARDING","percentage":0.0,"feedbackKey":"LHA_OFF_YOUR_BASELINE_FEEDBACK_HRV_UNKNOWN"},{"type":"HR","value":52.0,"baselineUpperLimit":0.0,"baselineLowerLimit":0.0,"status":"ONBOARDING","percentage":0.0,"feedbackKey":"LHA_OFF_YOUR_BASELINE_FEEDBACK_HEART_RATE_UNKNOWN"},{"type":"SPO2","baselineUpperLimit":0.0,"baselineLowerLimit":0.0,"status":"UNKNOWN","percentage":0.0,"feedbackKey":"LHA_OFF_YOUR_BASELINE_FEEDBACK_BLOOD_OXYGEN_UNKNOWN"},{"type":"SKIN_TEMP_C","baselineUpperLimit":0.0,"baselineLowerLimit":0.0,"status":"UNKNOWN","percentage":0.0,"feedbackKey":"LHA_OFF_YOUR_BASELINE_FEEDBACK_SKIN_TEMPERATURE_UNKNOWN"},{"type":"RESPIRATION","value":14.3,"baselineUpperLimit":0.0,"baselineLowerLimit":0.0,"status":"ONBOARDING","percentage":0.0,"feedbackKey":"LHA_OFF_YOUR_BASELINE_FEEDBACK_RESPIRATION_RATE_UNKNOWN"}]},{"calendarDate":"2025-12-04","createTimestampUTC":"2025-12-04T06:02:18.232","updateTimestampUTC":"2025-12-04T06:02:18.232","outliersCount":0,"metrics":[{"type":"HRV","value":61.0,"baselineUpperLimit":0.0,"baselineLowerLimit":0.0,"status":"ONBOARDING","percentage":0.0,"feedbackKey":"LHA_OFF_YOUR_BASELINE_FEEDBACK_HRV_UNKNOWN"},{"type":"HR","value":54.0,"baselineUpperLimit":0.0,"baselineLowerLimit":0.0,"status":"ONBOARDING","percentage":0.0,"feedbackKey":"LHA_OFF_YOUR_BASELINE_FEEDBACK_HEART_RATE_UNKNOWN"},{"type":"SPO2","baselineUpperLimit":0.0,"baselineLowerLimit":0.0,"status":"UNKNOWN","percentage":0.0,"feedbackKey":"LHA_OFF_YOUR_BASELINE_FEEDBACK_BLOOD_OXYGEN_UNKNOWN"},{"type":"SKIN_TEMP_C","baselineUpperLimit":0.0,"baselineLowerLimit":0.0,"status":"UNKNOWN","percentage":0.0,"feedbackKey":"LHA_OFF_YOUR_BASELINE_FEEDBACK_SKIN_TEMPERATURE_UNKNOWN"},{"type":"RESPIRATION","value":14.5,"baselineUpperLimit":0.0,"baselineLowerLimit":0.0,"status":"ONBOARDING","percentage":0.0,"feedbackKey":"LHA_OFF_YOUR_BASELINE_FEEDBACK_RESPIRATION_RATE_UNKNOWN"}]},{"calendarDate":"2025-12-05","createTimestampUTC":"2025-12-05T04:45:57.547","updateTimestampUTC":"2025-12-05T04:45:57.547","outliersCount":0,"metrics":[{"type":"HRV","value":60.0,"baselineUpperLimit":0.0,"baselineLowerLimit":0.0,"status":"ONBOARDING","percentage":0.0,"feedbackKey":"LHA_OFF_YOUR_BASELINE_FEEDBACK_HRV_UNKNOWN"},{"type":"HR","value":53.0,"baselineUpperLimit":0.0,"baselineLowerLimit":0.0,"status":"ONBOARDING","percentage":0.0,"feedbackKey":"LHA_OFF_YOUR_BASELINE_FEEDBACK_HEART_RATE_UNKNOWN"},{"type":"SPO2","baselineUpperLimit":0.0,"baselineLowerLimit":0.0,"status":"UNKNOWN","percentage":0.0,"feedbackKey":"LHA_OFF_YOUR_BASELINE_FEEDBACK_BLOOD_OXYGEN_UNKNOWN"},{"type":"SKIN_TEMP_C","baselineUpperLimit":0.0,"baselineLowerLimit":0.0,"status":"UNKNOWN","percentage":0.0,"feedbackKey":"LHA_OFF_YOUR_BASELINE_FEEDBACK_SKIN_TEMPERATURE_UNKNOWN"},{"type":"RESPIRATION","value":14.5,"baselineUpperLimit":0.0,"baselineLowerLimit":0.0,"status":"ONBOARDING","percentage":0.0,"feedbackKey":"LHA_OFF_YOUR_BASELINE_FEEDBACK_RESPIRATION_RATE_UNKNOWN"}]},{"calendarDate":"2025-12-06","createTimestampUTC":"2025-12-06T05:08:04.556","updateTimestampUTC":"2025-12-06T05:08:04.556","outliersCount":0,"metrics":[{"type":"HRV","value":63.0,"baselineUpperLimit":0.0,"baselineLowerLimit":0.0,"status":"ONBOARDING","percentage":0.0,"feedbackKey":"LHA_OFF_YOUR_BASELINE_FEEDBACK_HRV_UNKNOWN"},{"type":"HR","value":59.0,"baselineUpperLimit":0.0,"baselineLowerLimit":0.0,"status":"ONBOARDING","percentage":0.0,"feedbackKey":"LHA_OFF_YOUR_BASELINE_FEEDBACK_HEART_RATE_UNKNOWN"},{"type":"SPO2","baselineUpperLimit":0.0,"baselineLowerLimit":0.0,"status":"UNKNOWN","percentage":0.0,"feedbackKey":"LHA_OFF_YOUR_BASELINE_FEEDBACK_BLOOD_OXYGEN_UNKNOWN"},{"type":"SKIN_TEMP_C","baselineUpperLimit":0.0,"baselineLowerLimit":0.0,"status":"UNKNOWN","percentage":0.0,"feedbackKey":"LHA_OFF_YOUR_BASELINE_FEEDBACK_SKIN_TEMPERATURE_UNKNOWN"},{"type":"RESPIRATION","value":15.7,"baselineUpperLimit":0.0,"baselineLowerLimit":0.0,"status":"ONBOARDING","percentage":0.0,"feedbackKey":"LHA_OFF_YOUR_BASELINE_FEEDBACK_RESPIRATION_RATE_UNKNOWN"}]},{"calendarDate":"2025-12-07","createTimestampUTC":"2025-12-07T19:22:41.409","updateTimestampUTC":"2025-12-07T19:22:41.409","outliersCount":0,"metrics":[{"type":"HRV","value":69.0,"baselineUpperLimit":0.0,"baselineLowerLimit":0.0,"status":"ONBOARDING","percentage":0.0,"feedbackKey":"LHA_OFF_YOUR_BASELINE_FEEDBACK_HRV_UNKNOWN"},{"type":"HR","value":55.0,"baselineUpperLimit":0.0,"baselineLowerLimit":0.0,"status":"ONBOARDING","percentage":0.0,"feedbackKey":"LHA_OFF_YOUR_BASELINE_FEEDBACK_HEART_RATE_UNKNOWN"},{"type":"SPO2","baselineUpperLimit":0.0,"baselineLowerLimit":0.0,"status":"UNKNOWN","percentage":0.0,"feedbackKey":"LHA_OFF_YOUR_BASELINE_FEEDBACK_BLOOD_OXYGEN_UNKNOWN"},{"type":"SKIN_TEMP_C","baselineUpperLimit":0.0,"baselineLowerLimit":0.0,"status":"UNKNOWN","percentage":0.0,"feedbackKey":"LHA_OFF_YOUR_BASELINE_FEEDBACK_SKIN_TEMPERATURE_UNKNOWN"},{"type":"RESPIRATION","value":14.9,"baselineUpperLimit":0.0,"baselineLowerLimit":0.0,"status":"ONBOARDING","percentage":0.0,"feedbackKey":"LHA_OFF_YOUR_BASELINE_FEEDBACK_RESPIRATION_RATE_UNKNOWN"}]},{"calendarDate":"2025-12-08","createTimestampUTC":"2025-12-08T08:33:15.239","updateTimestampUTC":"2025-12-08T08:33:15.239","outliersCount":0,"metrics":[{"type":"HRV","value":78.0,"baselineUpperLimit":0.0,"baselineLowerLimit":0.0,"status":"ONBOARDING","percentage":0.0,"feedbackKey":"LHA_OFF_YOUR_BASELINE_FEEDBACK_HRV_UNKNOWN"},{"type":"HR","value":49.0,"baselineUpperLimit":0.0,"baselineLowerLimit":0.0,"status":"ONBOARDING","percentage":0.0,"feedbackKey":"LHA_OFF_YOUR_BASELINE_FEEDBACK_HEART_RATE_UNKNOWN"},{"type":"SPO2","baselineUpperLimit":0.0,"baselineLowerLimit":0.0,"status":"UNKNOWN","percentage":0.0,"feedbackKey":"LHA_OFF_YOUR_BASELINE_FEEDBACK_BLOOD_OXYGEN_UNKNOWN"},{"type":"SKIN_TEMP_C","baselineUpperLimit":0.0,"baselineLowerLimit":0.0,"status":"UNKNOWN","percentage":0.0,"feedbackKey":"LHA_OFF_YOUR_BASELINE_FEEDBACK_SKIN_TEMPERATURE_UNKNOWN"},{"type":"RESPIRATION","value":14.6,"baselineUpperLimit":0.0,"baselineLowerLimit":0.0,"status":"ONBOARDING","percentage":0.0,"feedbackKey":"LHA_OFF_YOUR_BASELINE_FEEDBACK_RESPIRATION_RATE_UNKNOWN"}]},{"calendarDate":"2025-12-09","createTimestampUTC":"2025-12-09T12:58:42.373","updateTimestampUTC":"2025-12-09T12:58:42.373","outliersCount":0,"metrics":[{"type":"HRV","value":74.0,"baselineUpperLimit":0.0,"baselineLowerLimit":0.0,"status":"ONBOARDING","percentage":0.0,"feedbackKey":"LHA_OFF_YOUR_BASELINE_FEEDBACK_HRV_UNKNOWN"},{"type":"HR","value":53.0,"baselineUpperLimit":0.0,"baselineLowerLimit":0.0,"status":"ONBOARDING","percentage":0.0,"feedbackKey":"LHA_OFF_YOUR_BASELINE_FEEDBACK_HEART_RATE_UNKNOWN"},{"type":"SPO2","baselineUpperLimit":0.0,"baselineLowerLimit":0.0,"status":"UNKNOWN","percentage":0.0,"feedbackKey":"LHA_OFF_YOUR_BASELINE_FEEDBACK_BLOOD_OXYGEN_UNKNOWN"},{"type":"SKIN_TEMP_C","baselineUpperLimit":0.0,"baselineLowerLimit":0.0,"status":"UNKNOWN","percentage":0.0,"feedbackKey":"LHA_OFF_YOUR_BASELINE_FEEDBACK_SKIN_TEMPERATURE_UNKNOWN"},{"type":"RESPIRATION","value":14.7,"baselineUpperLimit":0.0,"baselineLowerLimit":0.0,"status":"ONBOARDING","percentage":0.0,"feedbackKey":"LHA_OFF_YOUR_BASELINE_FEEDBACK_RESPIRATION_RATE_UNKNOWN"}]},{"calendarDate":"2025-12-10","createTimestampUTC":"2025-12-10T08:02:51.68","updateTimestampUTC":"2025-12-10T08:02:51.68","outliersCount":0,"metrics":[{"type":"HRV","value":66.0,"baselineUpperLimit":0.0,"baselineLowerLimit":0.0,"status":"ONBOARDING","percentage":0.0,"feedbackKey":"LHA_OFF_YOUR_BASELINE_FEEDBACK_HRV_UNKNOWN"},{"type":"HR","value":52.0,"baselineUpperLimit":0.0,"baselineLowerLimit":0.0,"status":"ONBOARDING","percentage":0.0,"feedbackKey":"LHA_OFF_YOUR_BASELINE_FEEDBACK_HEART_RATE_UNKNOWN"},{"type":"SPO2","baselineUpperLimit":0.0,"baselineLowerLimit":0.0,"status":"UNKNOWN","percentage":0.0,"feedbackKey":"LHA_OFF_YOUR_BASELINE_FEEDBACK_BLOOD_OXYGEN_UNKNOWN"},{"type":"SKIN_TEMP_C","baselineUpperLimit":0.0,"baselineLowerLimit":0.0,"status":"UNKNOWN","percentage":0.0,"feedbackKey":"LHA_OFF_YOUR_BASELINE_FEEDBACK_SKIN_TEMPERATURE_UNKNOWN"},{"type":"RESPIRATION","value":14.5,"baselineUpperLimit":0.0,"baselineLowerLimit":0.0,"status":"ONBOARDING","percentage":0.0,"feedbackKey":"LHA_OFF_YOUR_BASELINE_FEEDBACK_RESPIRATION_RATE_UNKNOWN"}]},{"calendarDate":"2025-12-11","createTimestampUTC":"2025-12-11T07:09:21.471","updateTimestampUTC":"2025-12-11T07:09:21.471","outliersCount":0,"metrics":[{"type":"HRV","value":64.0,"baselineUpperLimit":0.0,"baselineLowerLimit":0.0,"status":"ONBOARDING","percentage":0.0,"feedbackKey":"LHA_OFF_YOUR_BASELINE_FEEDBACK_HRV_UNKNOWN"},{"type":"HR","value":51.0,"baselineUpperLimit":0.0,"baselineLowerLimit":0.0,"status":"ONBOARDING","percentage":0.0,"feedbackKey":"LHA_OFF_YOUR_BASELINE_FEEDBACK_HEART_RATE_UNKNOWN"},{"type":"SPO2","baselineUpperLimit":0.0,"baselineLowerLimit":0.0,"status":"UNKNOWN","percentage":0.0,"feedbackKey":"LHA_OFF_YOUR_BASELINE_FEEDBACK_BLOOD_OXYGEN_UNKNOWN"},{"type":"SKIN_TEMP_C","baselineUpperLimit":0.0,"baselineLowerLimit":0.0,"status":"UNKNOWN","percentage":0.0,"feedbackKey":"LHA_OFF_YOUR_BASELINE_FEEDBACK_SKIN_TEMPERATURE_UNKNOWN"},{"type":"RESPIRATION","value":14.9,"baselineUpperLimit":0.0,"baselineLowerLimit":0.0,"status":"ONBOARDING","percentage":0.0,"feedbackKey":"LHA_OFF_YOUR_BASELINE_FEEDBACK_RESPIRATION_RATE_UNKNOWN"}]}]