[{"retro":false},{"sleepStartTimestampGMT":"2025-11-28T21:44:09.0","sleepEndTimestampGMT":"2025-11-29T05:24:09.0","calendarDate":"2025-11-29","sleepWindowConfirmationType":"ENHANCED_CONFIRMED_FINAL","deepSleepSeconds":4260,"lightSleepSeconds":16320,"remSleepSeconds":4980,"awakeSleepSeconds":2040,"unmeasurableSeconds":0,"averageRespiration":15.4,"lowestRespiration":10.0,"highestRespiration":22.0,"retro":false,"awakeCount":4,"avgSleepStress":6.650000095367432,"sleepScores":{"overallScore":72,"qualityScore":77,"durationScore":81,"recoveryScore":100,"deepScore":83,"remScore":77,"lightScore":80,"awakeningsCountScore":32,"awakeTimeScore":66,"combinedAwakeScore":49,"restfulnessScore":70,"interruptionsScore":50,"feedback":"NEGATIVE_LONG_BUT_DISCONTINUOUS","insight":"NONE"},"restlessMomentCount":49},{"sleepStartTimestampGMT":"2025-11-29T20:50:10.0","sleepEndTimestampGMT":"2025-11-30T04:56:10.0","calendarDate":"2025-11-30","sleepWindowConfirmationType":"ENHANCED_CONFIRMED_FINAL","deepSleepSeconds":4980,"lightSleepSeconds":17520,"remSleepSeconds":5700,"awakeSleepSeconds":960,"unmeasurableSeconds":0,"averageRespiration":15.32,"lowestRespiration":7.0,"highestRespiration":21.0,"retro":false,"awakeCount":0,"avgSleepStress":12.880000114440918,"sleepScores":{"overallScore":89,"qualityScore":86,"durationScore":96,"recoveryScore":88,"deepScore":88,"remScore":78,"lightScore":83,"awakeningsCountScore":100,"awakeTimeScore":85,"combinedAwakeScore":92,"restfulnessScore":71,"interruptionsScore":88,"feedback":"POSITIVE_LONG_AND_RECOVERING","insight":"POSITIVE_LATE_BED_TIME"},"restlessMomentCount":52},{"sleepStartTimestampGMT":"2025-11-30T20:00:27.0","sleepEndTimestampGMT":"2025-12-01T04:32:27.0","calendarDate":"2025-12-01","sleepWindowConfirmationType":"ENHANCED_CONFIRMED_FINAL","deepSleepSeconds":7500,"lightSleepSeconds":15180,"remSleepSeconds":7200,"awakeSleepSeconds":840,"unmeasurableSeconds":0,"averageRespiration":14.5,"lowestRespiration":6.0,"highestRespiration":20.0,"retro":false,"awakeCount":2,"avgSleepStress":10.90999984741211,"sleepScores":{"overallScore":94,"qualityScore":92,"durationScore":100,"recoveryScore":96,"deepScore":100,"remScore":100,"lightScore":100,"awakeningsCountScore":74,"awakeTimeScore":88,"combinedAwakeScore":81,"restfulnessScore":89,"interruptionsScore":81,"feedback":"POSITIVE_OPTIMAL_STRUCTURE","insight":"NONE"},"restlessMomentCount":38},{"sleepStartTimestampGMT":"2025-12-01T19:47:35.0","sleepEndTimestampGMT":"2025-12-02T03:57:35.0","calendarDate":"2025-12-02","sleepWindowConfirmationType":"ENHANCED_CONFIRMED_FINAL","deepSleepSeconds":3660,"lightSleepSeconds":20040,"remSleepSeconds":2760,"awakeSleepSeconds":2940,"unmeasurableSeconds":0,"averageRespiration":14.58,"lowestRespiration":6.0,"highestRespiration":20.0,"retro":false,"awakeCount":3,"avgSleepStress":17.84000015258789,"sleepScores":{"overallScore":71,"qualityScore":67,"durationScore":84,"recoveryScore":74,"deepScore":76,"remScore":57,"lightScore":65,"awakeningsCountScore":61,"awakeTimeScore":51,"combinedAwakeScore":56,"restfulnessScore":79,"interruptionsScore":61,"feedback":"NEGATIVE_LONG_BUT_NOT_ENOUGH_REM","insight":"NONE"},"restlessMomentCount":41},{"sleepStartTimestampGMT":"2025-12-02T20:00:57.0","sleepEndTimestampGMT":"2025-12-03T04:09:57.0","calendarDate":"2025-12-03","sleepWindowConfirmationType":"ENHANCED_CONFIRMED_FINAL","deepSleepSeconds":6300,"lightSleepSeconds":13920,"remSleepSeconds":5820,"awakeSleepSeconds":3300,"unmeasurableSeconds":0,"averageRespiration":14.38,"lowestRespiration":8.0,"highestRespiration":20.0,"retro":false,"awakeCount":2,"avgSleepStress":12.369999885559082,"sleepScores":{"overallScore":81,"qualityScore":83,"durationScore":89,"recoveryScore":91,"deepScore":100,"remScore":89,"lightScore":99,"awakeningsCountScore":74,"awakeTimeScore":45,"combinedAwakeScore":59,"restfulnessScore":72,"interruptionsScore":63,"feedback":"POSITIVE_LONG_AND_DEEP","insight":"POSITIVE_LATE_BED_TIME"},"restlessMomentCount":47},{"sleepStartTimestampGMT":"2025-12-03T21:31:09.0","sleepEndTimestampGMT":"2025-12-04T05:10:09.0","calendarDate":"2025-12-04","sleepWindowConfirmationType":"ENHANCED_CONFIRMED_FINAL","deepSleepSeconds":4440,"lightSleepSeconds":14340,"remSleepSeconds":6420,"awakeSleepSeconds":2340,"unmeasurableSeconds":0,"averageRespiration":14.52,"lowestRespiration":7.0,"highestRespiration":21.0,"retro":false,"awakeCount":2,"avgSleepStress":14.010000228881836,"sleepScores":{"overallScore":79,"qualityScore":82,"durationScore":78,"recoveryScore":84,"deepScore":88,"remScore":100,"lightScore":93,"awakeningsCountScore":74,"awakeTimeScore":61,"combinedAwakeScore":67,"restfulnessScore":65,"interruptionsScore":68,"feedback":"POSITIVE_REFRESHING","insight":"POSITIVE_LATE_BED_TIME"},"restlessMomentCount":52},{"sleepStartTimestampGMT":"2025-12-04T20:19:57.0","sleepEndTimestampGMT":"2025-12-05T04:29:57.0","calendarDate":"2025-12-05","sleepWindowConfirmationType":"ENHANCED_CONFIRMED_FINAL","napList":[{"napTimeSec":3660,"napStartTimestampGMT":"2025-12-05T05:47:27.0","napEndTimestampGMT":"2025-12-05T06:48:27.0","calendarDate":"2025-12-05"}],"deepSleepSeconds":7140,"lightSleepSeconds":15240,"remSleepSeconds":6720,"awakeSleepSeconds":300,"unmeasurableSeconds":0,"averageRespiration":14.54,"lowestRespiration":6.0,"highestRespiration":19.0,"retro":false,"awakeCount":0,"avgSleepStress":12.25,"sleepScores":{"overallScore":96,"qualityScore":95,"durationScore":100,"recoveryScore":91,"deepScore":100,"remScore":94,"lightScore":100,"awakeningsCountScore":100,"awakeTimeScore":100,"combinedAwakeScore":100,"restfulnessScore":83,"interruptionsScore":96,"feedback":"POSITIVE_OPTIMAL_STRUCTURE","insight":"POSITIVE_RESTFUL_EVENING"},"restlessMomentCount":43},{"sleepStartTimestampGMT":"2025-12-05T19:47:27.0","sleepEndTimestampGMT":"2025-12-06T04:44:27.0","calendarDate":"2025-12-06","sleepWindowConfirmationType":"ENHANCED_CONFIRMED_FINAL","deepSleepSeconds":5460,"lightSleepSeconds":19320,"remSleepSeconds":5940,"awakeSleepSeconds":1500,"unmeasurableSeconds":0,"averageRespiration":15.7,"lowestRespiration":8.0,"highestRespiration":20.0,"retro":false,"awakeCount":1,"avgSleepStress":17.049999237060547,"sleepScores":{"overallScore":85,"qualityScore":80,"durationScore":100,"recoveryScore":76,"deepScore":89,"remScore":77,"lightScore":82,"awakeningsCountScore":87,"awakeTimeScore":75,"combinedAwakeScore":81,"restfulnessScore":74,"interruptionsScore":80,"feedback":"POSITIVE_LONG_AND_DEEP","insight":"NONE"},"restlessMomentCount":53},{"sleepStartTimestampGMT":"2025-12-06T20:29:20.0","sleepEndTimestampGMT":"2025-12-07T04:29:20.0","calendarDate":"2025-12-07","sleepWindowConfirmationType":"ENHANCED_CONFIRMED_FINAL","deepSleepSeconds":7020,"lightSleepSeconds":15720,"remSleepSeconds":5940,"awakeSleepSeconds":120,"unmeasurableSeconds":0,"averageRespiration":14.96,"lowestRespiration":6.0,"highestRespiration":21.0,"retro":false,"awakeCount":0,"avgSleepStress":13.069999694824219,"sleepScores":{"overallScore":94,"qualityScore":92,"durationScore":100,"recoveryScore":88,"deepScore":100,"remScore":79,"lightScore":97,"awakeningsCountScore":100,"awakeTimeScore":100,"combinedAwakeScore":100,"restfulnessScore":92,"interruptionsScore":98,"feedback":"POSITIVE_OPTIMAL_STRUCTURE","insight":"POSITIVE_LATE_BED_TIME"},"restlessMomentCount":34},{"sleepStartTimestampGMT":"2025-12-07T20:31:22.0","sleepEndTimestampGMT":"2025-12-08T04:23:22.0","calendarDate":"2025-12-08","sleepWindowConfirmationType":"ENHANCED_CONFIRMED_FINAL","deepSleepSeconds":7620,"lightSleepSeconds":13560,"remSleepSeconds":7020,"awakeSleepSeconds":120,"unmeasurableSeconds":0,"averageRespiration":14.62,"lowestRespiration":8.0,"highestRespiration":20.0,"retro":false,"awakeCount":0,"avgSleepStress":6.590000152587891,"sleepScores":{"overallScore":97,"qualityScore":98,"durationScore":96,"recoveryScore":100,"deepScore":100,"remScore":100,"lightScore":100,"awakeningsCountScore":100,"awakeTimeScore":100,"combinedAwakeScore":100,"restfulnessScore":77,"interruptionsScore":95,"feedback":"POSITIVE_HIGHLY_RECOVERING","insight":"NONE"},"restlessMomentCount":46},{"sleepStartTimestampGMT":"2025-12-08T20:05:20.0","sleepEndTimestampGMT":"2025-12-09T04:30:20.0","calendarDate":"2025-12-09","sleepWindowConfirmationType":"ENHANCED_CONFIRMED_FINAL","deepSleepSeconds":5160,"lightSleepSeconds":21420,"remSleepSeconds":660,"awakeSleepSeconds":3060,"unmeasurableSeconds":0,"averageRespiration":14.74,"lowestRespiration":9.0,"highestRespiration":19.0,"retro":false,"awakeCount":3,"avgSleepStress":13.229999542236328,"sleepScores":{"overallScore":60,"qualityScore":66,"durationScore":89,"recoveryScore":87,"deepScore":95,"remScore":13,"lightScore":62,"awakeningsCountScore":61,"awakeTimeScore":49,"combinedAwakeScore":55,"restfulnessScore":55,"interruptionsScore":56,"feedback":"NEGATIVE_LONG_BUT_NOT_ENOUGH_REM","insight":"NONE"},"restlessMomentCount":64},{"sleepStartTimestampGMT":"2025-12-09T20:13:23.0","sleepEndTimestampGMT":"2025-12-10T05:38:23.0","calendarDate":"2025-12-10","sleepWindowConfirmationType":"ENHANCED_CONFIRMED_FINAL","deepSleepSeconds":8340,"lightSleepSeconds":15840,"remSleepSeconds":4560,"awakeSleepSeconds":5160,"unmeasurableSeconds":0,"averageRespiration":14.52,"lowestRespiration":9.0,"highestRespiration":20.0,"retro":false,"awakeCount":5,"avgSleepStress":11.979999542236328,"sleepScores":{"overallScore":58,"qualityScore":66,"durationScore":100,"recoveryScore":92,"deepScore":100,"remScore":70,"lightScore":97,"awakeningsCountScore":0,"awakeTimeScore":14,"combinedAwakeScore":7,"restfulnessScore":93,"interruptionsScore":21,"feedback":"NEGATIVE_LONG_BUT_DISCONTINUOUS","insight":"NEGATIVE_LATE_BED_TIME"},"restlessMomentCount":32},{"sleepStartTimestampGMT":"2025-12-10T22:42:06.0","sleepEndTimestampGMT":"2025-12-11T07:09:06.0","calendarDate":"2025-12-11","sleepWindowConfirmationType":"ENHANCED_CONFIRMED_FINAL","deepSleepSeconds":4440,"lightSleepSeconds":15600,"remSleepSeconds":6600,"awakeSleepSeconds":3780,"unmeasurableSeconds":0,"averageRespiration":14.92,"lowestRespiration":8.0,"highestRespiration":21.0,"retro":false,"awakeCount":4,"avgSleepStress":11.84000015258789,"sleepScores":{"overallScore":67,"qualityScore":75,"durationScore":85,"recoveryScore":93,"deepScore":83,"remScore":100,"lightScore":90,"awakeningsCountScore":32,"awakeTimeScore":37,"combinedAwakeScore":34,"restfulnessScore":68,"interruptionsScore":40,"feedback":"NEGATIVE_LONG_BUT_DISCONTINUOUS","insight":"NONE"},"restlessMomentCount":52},{"retro":false},{"retro":false}]