{
  "id" : null,
  "firstName" : "Ainesh",
  "middleName" : null,
  "lastName" : null,
  "fullName" : "Ainesh",
  "namePrefix" : null,
  "nameSuffix" : null,
  "gender" : null,
  "displayName" : null,
  "username" : "SANNIDHIAINU@GMAIL.COM",
  "primaryAddress" : null,
  "primaryEmailAddress" : {
    "emailAddress" : "sannidhiainu@gmail.com",
    "primary" : true,
    "emailVerified" : false,
    "emailVerificationTimestamp" : null,
    "deliverabilityStatus" : "TO_BE_VALIDATED",
    "deliverabilityDate" : null,
    "deliverabilityReason" : null
  },
  "primaryPhoneNumber" : null,
  "loginIdentifiers" : [ ],
  "locale" : "en_US",
  "type" : null,
  "active" : true,
  "version" : 8,
  "lastUpdateDateTime" : "2025-12-11T20:11:09Z",
  "createdDate" : "2025-11-28T11:18:20Z",
  "customerLocation" : {
    "countryCode" : "US",
    "verified" : true,
    "verifiedTimestamp" : "2025-11-28T11:18:20Z"
  },
  "nextPurgeCheckDate" : null,
  "companyName" : null,
  "toBePurged" : false,
  "accountVerified" : false,
  "accountVerificationDate" : null,
  "dateOfBirth" : null,
  "managedStatus" : null,
  "addresses" : [ ],
  "emailAddresses" : [ ],
  "phoneNumbers" : [ ],
  "foreignIdentifiers" : [ ],
  "loginInfo" : null
}
