[{"key":"8a7cfeb99ad8cb59019adab5c5724b8f","referenceId":"0fbbd6a7-ba94-43af-b42b-3d79d31d3949","referenceType":"CUSTOMER","correlationId":null,"consentTypeId":"DI_CONNECT_STRAVA","state":"GRANTED","locale":"en-US","source":"web-partner-auth/0.1.3","version":"52","createdDate":"2025-12-01T16:18:57.010Z","consentCreatedDate":"2025-12-01T16:18:57.010Z","actorId":null,"metadata":null,"consentUpdatedBy":null,"consentExpiryDate":null},{"key":"8a7cfeec9ac1ae8d019aca3505580066","referenceId":"0fbbd6a7-ba94-43af-b42b-3d79d31d3949","referenceType":"CUSTOMER","correlationId":null,"consentTypeId":"DI_CONNECT_UPLOAD","state":"GRANTED","locale":"en-US","source":"GCM-iOS-5.19.1.2","version":"67","createdDate":"2025-11-28T11:24:23.768Z","consentCreatedDate":"2025-11-28T11:24:23.768Z","actorId":null,"metadata":null,"consentUpdatedBy":null,"consentExpiryDate":null}]