[{"summarizedActivitiesExport":[{"activityId":21159045593,"uuidMsb":-432924486161644597,"uuidLsb":-6350828123219817782,"name":"Strength","activityType":"strength_training","userProfileId":139688925,"timeZoneId":165,"beginTimestamp":1764763433000,"eventTypeId":9,"rule":"private","sportType":"FITNESS_EQUIPMENT","startTimeGmt":1.764763433E12,"startTimeLocal":1.764783233E12,"duration":3847292.96875,"distance":0.0,"avgSpeed":0.0,"avgHr":113.0,"maxHr":147.0,"minHr":32.0,"steps":176.0,"calories":1596.39762,"bmrCalories":368.72175999999996,"aerobicTrainingEffect":1.7999999523162842,"avgFractionalCadence":0.0,"maxFractionalCadence":0.0,"elapsedDuration":3847292.96875,"movingDuration":1209723.0224609375,"anaerobicTrainingEffect":0.5,"deviceId":3507193870,"minTemperature":26.0,"maxTemperature":29.0,"summarizedExerciseSets":[{"category":"SIT_UP","reps":16,"volume":0,"duration":214232.00225830078,"sets":2,"maxWeight":0},{"category":"LATERAL_RAISE","reps":16,"volume":0,"duration":69960.99853515625,"sets":1,"maxWeight":0},{"category":"UNKNOWN","reps":56,"volume":0,"duration":925529.9873352051,"sets":11,"maxWeight":0}],"summarizedDiveInfo":{},"manufacturer":"GARMIN","lapCount":1,"waterEstimated":532.0,"activeSets":14,"totalSets":14,"totalReps":88,"trainingEffectLabel":"AEROBIC_BASE","aerobicTrainingEffectMessage":"MINOR_AEROBIC_BENEFIT_6","anaerobicTrainingEffectMessage":"NO_ANAEROBIC_BENEFIT_0","moderateIntensityMinutes":40,"vigorousIntensityMinutes":9,"differenceBodyBattery":-7,"hrTimeInZone_0":3238538,"hrTimeInZone_1":595601,"hrTimeInZone_2":0,"hrTimeInZone_3":0,"hrTimeInZone_4":0,"hrTimeInZone_5":0,"hrTimeInZone_6":0,"decoDive":false,"purposeful":false,"autoCalcCalories":false,"favorite":false,"pr":false,"elevationCorrected":false,"atpActivity":false,"parent":false}]}]