[{"referenceId":"0fbbd6a7-ba94-43af-b42b-3d79d31d3949","referenceType":"CUSTOMER_GUID","sourceSystem":"CONNECT_WEB_SERVER_SIDE","sourceSystemVersion":"UNKNOWN","platformId":"GARMIN_CONNECT","actorId":null,"userAgent":"Mozilla/5.0 (X11; Linux x86_64) AppleWebKit/537.36 (KHTML, like Gecko) Chrome/130.0.0.0 Safari/537.36","locale":"en-US","locationCountry":"IN","eventDateTime":"2025-12-03T17:42:18Z","eventType":"CONNECT_USER_PREFERENCE","eventData":{"COMPLETION_STATUS":"RECEIVED","EVENT_ACTION":"OPTED_IN","EVENT_SOURCE":"PUT /userpreference-service/mct.banner.displayed","X-actor":"USER","preferenceKey":"mct.banner.displayed","preferenceValue":"true"},"testMode":false,"receivedDate":null},{"referenceId":"0fbbd6a7-ba94-43af-b42b-3d79d31d3949","referenceType":"CUSTOMER_GUID","sourceSystem":"ITW_CDS_SSO_WEB_PORTAL-GarminConnect","sourceSystemVersion":null,"platformId":"GarminConnect","actorId":null,"userAgent":"Mozilla/5.0 (X11; Linux x86_64) AppleWebKit/537.36 (KHTML, like Gecko) Chrome/130.0.0.0 Safari/537.36","locale":"en-US","locationCountry":"US","eventDateTime":"2025-12-03T17:42:13.752Z","eventType":"IT_SSO_PORTAL_LOGIN","eventData":{},"testMode":false,"receivedDate":null},{"referenceId":"0fbbd6a7-ba94-43af-b42b-3d79d31d3949","referenceType":"CUSTOMER_GUID","sourceSystem":"Connect API Component B","sourceSystemVersion":"UNKNOWN","platformId":"GARMIN_CONNECT","actorId":null,"userAgent":"GC-API:pl-activityupload009","locale":"en-US","locationCountry":"US","eventDateTime":"2025-12-03T15:02:28Z","eventType":"CONNECT_HYDRATION","eventData":{"COMPLETION_STATUS":"RECEIVED","EVENT_ACTION":"UPDATED","EVENT_SOURCE":"PUT /usersummary-service/usersummary/hydration/log"},"testMode":false,"receivedDate":null},{"referenceId":"0fbbd6a7-ba94-43af-b42b-3d79d31d3949","referenceType":"CUSTOMER_GUID","sourceSystem":"CONNECT_WEB_SERVER_SIDE","sourceSystemVersion":"UNKNOWN","platformId":"GARMIN_CONNECT","actorId":null,"userAgent":"web-partner-auth/0.1.3","locale":"en-US","locationCountry":"US","eventDateTime":"2025-12-01T16:18:53Z","eventType":"CONNECT_THIRDPARTY_CONSUMER_PERMISSION","eventData":{"COMPLETION_STATUS":"RECEIVED","EVENT_ACTION":"UPDATED","EVENT_SOURCE":"PUT /partner-service/consumer/permissions/3527224f-080a-4b66-8b72-0a2c3e111af0"},"testMode":false,"receivedDate":null},{"referenceId":"0fbbd6a7-ba94-43af-b42b-3d79d31d3949","referenceType":"CUSTOMER_GUID","sourceSystem":"ITW_CDS_SSO_WEB_PORTAL-GarminConnect","sourceSystemVersion":null,"platformId":"GarminConnect","actorId":null,"userAgent":"Mozilla/5.0 (iPhone; CPU iPhone OS 26_1_0 like Mac OS X) AppleWebKit/605.1.15 (KHTML, like Gecko) CriOS/142.0.7444.148 Mobile/15E148 Safari/604.1","locale":"en-US","locationCountry":"US","eventDateTime":"2025-12-01T16:18:42.677Z","eventType":"IT_SSO_PORTAL_LOGIN","eventData":{},"testMode":false,"receivedDate":null},{"referenceId":"0fbbd6a7-ba94-43af-b42b-3d79d31d3949","referenceType":"CUSTOMER_GUID","sourceSystem":"ITW_CDS_SSO_WEB_PORTAL-GarminConnect","sourceSystemVersion":null,"platformId":"APS","actorId":null,"userAgent":"ACCOUNT_PROCESS_SERVICES","locale":null,"locationCountry":null,"eventDateTime":"2025-12-01T16:18:41.030Z","eventType":"IT_APS_NEW_COUNTRY_LOGIN","eventData":{"newLocation":"IN"},"testMode":false,"receivedDate":null},{"referenceId":"0fbbd6a7-ba94-43af-b42b-3d79d31d3949","referenceType":"CUSTOMER_GUID","sourceSystem":"Connect API Component","sourceSystemVersion":"UNKNOWN","platformId":"GARMIN_CONNECT","actorId":null,"userAgent":"GC-API:pa-notification000","locale":"en-US","locationCountry":"US","eventDateTime":"2025-11-28T11:49:05Z","eventType":"CONNECT_USER_PREFERENCE","eventData":{"COMPLETION_STATUS":"RECEIVED","EVENT_ACTION":"OPTED_OUT","EVENT_SOURCE":"PUT /userpreference-service/default_allow_email_comment_activities","X-actor":"USER","preferenceKey":"default_allow_email_comment_activities","preferenceValue":"false"},"testMode":false,"receivedDate":null},{"referenceId":"0fbbd6a7-ba94-43af-b42b-3d79d31d3949","referenceType":"CUSTOMER_GUID","sourceSystem":"Connect API Component","sourceSystemVersion":"UNKNOWN","platformId":"GARMIN_CONNECT","actorId":null,"userAgent":"GC-API:pa-notification000","locale":"en-US","locationCountry":"US","eventDateTime":"2025-11-28T11:49:04Z","eventType":"CONNECT_USER_PREFERENCE","eventData":{"COMPLETION_STATUS":"RECEIVED","EVENT_ACTION":"OPTED_OUT","EVENT_SOURCE":"PUT /userpreference-service/send.pushnotification.badges","X-actor":"USER","preferenceKey":"send.pushnotification.badges","preferenceValue":"false"},"testMode":false,"receivedDate":null},{"referenceId":"0fbbd6a7-ba94-43af-b42b-3d79d31d3949","referenceType":"CUSTOMER_GUID","sourceSystem":"GCM iOS","sourceSystemVersion":"5.19.1","platformId":"GARMIN_CONNECT","actorId":null,"userAgent":"GCM-iOS-5.19.1.2","locale":"en-IN","locationCountry":"IN","eventDateTime":"2025-11-28T11:49:03Z","eventType":"CONNECT_NOTIFICATIONS_EMAIL","eventData":{"COMPLETION_STATUS":"RECEIVED","EVENT_ACTION":"OPTED_OUT","EVENT_SOURCE":"PUT /notification-service/preference/userPreference"},"testMode":false,"receivedDate":null},{"referenceId":"0fbbd6a7-ba94-43af-b42b-3d79d31d3949","referenceType":"CUSTOMER_GUID","sourceSystem":"Connect API Component","sourceSystemVersion":"UNKNOWN","platformId":"GARMIN_CONNECT","actorId":null,"userAgent":"GC-API:pa-notification000","locale":"en-US","locationCountry":"US","eventDateTime":"2025-11-28T11:49:03Z","eventType":"CONNECT_USER_PREFERENCE","eventData":{"COMPLETION_STATUS":"RECEIVED","EVENT_ACTION":"OPTED_IN","EVENT_SOURCE":"PUT /userpreference-service/default_allow_email_when invited_to_group","X-actor":"USER","preferenceKey":"default_allow_email_when invited_to_group","preferenceValue":"true"},"testMode":false,"receivedDate":null},{"referenceId":"0fbbd6a7-ba94-43af-b42b-3d79d31d3949","referenceType":"CUSTOMER_GUID","sourceSystem":"GCM iOS","sourceSystemVersion":"5.19.1","platformId":"GARMIN_CONNECT","actorId":null,"userAgent":"GCM-iOS-5.19.1.2","locale":"en-US","locationCountry":"IN","eventDateTime":"2025-11-28T11:24:24Z","eventType":"CONNECT_ACCOUNT_SYNC","eventData":{"COMPLETION_STATUS":"RECEIVED","EVENT_ACTION":"OPTED_IN","EVENT_SOURCE":"PUT /userpreference-service/account.deviceSync","X-actor":"SYSTEM","preferenceKey":"account.deviceSync","preferenceValue":"true"},"testMode":false,"receivedDate":null},{"referenceId":"0fbbd6a7-ba94-43af-b42b-3d79d31d3949","referenceType":"CUSTOMER_GUID","sourceSystem":"Connect API Component","sourceSystemVersion":"UNKNOWN","platformId":"GARMIN_CONNECT","actorId":null,"userAgent":"GC-API:pa-userprofile002","locale":"en-US","locationCountry":"US","eventDateTime":"2025-11-28T11:23:37Z","eventType":"CONNECT_USER_PREFERENCE","eventData":{"COMPLETION_STATUS":"RECEIVED","EVENT_ACTION":"UPDATED","EVENT_SOURCE":"PUT /userpreference-service/Wellness.endSleepTimeSecondsFromMidnight","X-actor":"USER","preferenceKey":"Wellness.endSleepTimeSecondsFromMidnight","preferenceValue":"34200"},"testMode":false,"receivedDate":null},{"referenceId":"0fbbd6a7-ba94-43af-b42b-3d79d31d3949","referenceType":"CUSTOMER_GUID","sourceSystem":"GCM iOS","sourceSystemVersion":"5.19.1","platformId":"GARMIN_CONNECT","actorId":null,"userAgent":"GCM-iOS-5.19.1.2","locale":"en-IN","locationCountry":"IN","eventDateTime":"2025-11-28T11:23:09Z","eventType":"CONNECT_PROFILE_BIRTHDATE","eventData":{"COMPLETION_STATUS":"RECEIVED","EVENT_ACTION":"UPDATED","EVENT_SOURCE":"PUT /userprofile-service/userprofile/user-settings"},"testMode":false,"receivedDate":null},{"referenceId":"0fbbd6a7-ba94-43af-b42b-3d79d31d3949","referenceType":"CUSTOMER_GUID","sourceSystem":"GCM iOS","sourceSystemVersion":"5.19.1","platformId":"GARMIN_CONNECT","actorId":null,"userAgent":"GCM-iOS-5.19.1.2","locale":"en-IN","locationCountry":"IN","eventDateTime":"2025-11-28T11:22:23Z","eventType":"CONNECT_PROFILE_BIRTHDATE","eventData":{"COMPLETION_STATUS":"RECEIVED","EVENT_ACTION":"UPDATED","EVENT_SOURCE":"PUT /userprofile-service/userprofile/user-settings"},"testMode":false,"receivedDate":null},{"referenceId":"0fbbd6a7-ba94-43af-b42b-3d79d31d3949","referenceType":"CUSTOMER_GUID","sourceSystem":"GCM iOS","sourceSystemVersion":"5.19.1","platformId":"GARMIN_CONNECT","actorId":null,"userAgent":"GCM-iOS-5.19.1.2","locale":"en-IN","locationCountry":"IN","eventDateTime":"2025-11-28T11:22:23Z","eventType":"CONNECT_PROFILE_WEIGHT","eventData":{"COMPLETION_STATUS":"RECEIVED","EVENT_ACTION":"UPDATED","EVENT_SOURCE":"PUT /userprofile-service/userprofile/user-settings"},"testMode":false,"receivedDate":null},{"referenceId":"0fbbd6a7-ba94-43af-b42b-3d79d31d3949","referenceType":"CUSTOMER_GUID","sourceSystem":"GCM iOS","sourceSystemVersion":"5.19.1","platformId":"GARMIN_CONNECT","actorId":null,"userAgent":"GCM-iOS-5.19.1.2","locale":"en-IN","locationCountry":"IN","eventDateTime":"2025-11-28T11:21:48Z","eventType":"CONNECT_PROFILE_HEIGHT","eventData":{"COMPLETION_STATUS":"RECEIVED","EVENT_ACTION":"UPDATED","EVENT_SOURCE":"PUT /userprofile-service/userprofile/user-settings"},"testMode":false,"receivedDate":null},{"referenceId":"0fbbd6a7-ba94-43af-b42b-3d79d31d3949","referenceType":"CUSTOMER_GUID","sourceSystem":"GCM iOS","sourceSystemVersion":"5.19.1","platformId":"GARMIN_CONNECT","actorId":null,"userAgent":"GCM-iOS-5.19.1.2","locale":"en-IN","locationCountry":"IN","eventDateTime":"2025-11-28T11:21:48Z","eventType":"CONNECT_PROFILE_WEIGHT","eventData":{"COMPLETION_STATUS":"RECEIVED","EVENT_ACTION":"UPDATED","EVENT_SOURCE":"PUT /userprofile-service/userprofile/user-settings"},"testMode":false,"receivedDate":null},{"referenceId":"0fbbd6a7-ba94-43af-b42b-3d79d31d3949","referenceType":"CUSTOMER_GUID","sourceSystem":"GCM iOS","sourceSystemVersion":"5.19.1","platformId":"GARMIN_CONNECT","actorId":null,"userAgent":"GCM-iOS-5.19.1.2","locale":"en-IN","locationCountry":"IN","eventDateTime":"2025-11-28T11:21:43Z","eventType":"CONNECT_PROFILE_GENDER","eventData":{"COMPLETION_STATUS":"RECEIVED","EVENT_ACTION":"UPDATED","EVENT_SOURCE":"PUT /userprofile-service/userprofile/user-settings"},"testMode":false,"receivedDate":null},{"referenceId":"0fbbd6a7-ba94-43af-b42b-3d79d31d3949","referenceType":"CUSTOMER_GUID","sourceSystem":"GCM iOS","sourceSystemVersion":"5.19.1","platformId":"GARMIN_CONNECT","actorId":null,"userAgent":"GCM-iOS-5.19.1.2","locale":"en-IN","locationCountry":"IN","eventDateTime":"2025-11-28T11:21:43Z","eventType":"CONNECT_PROFILE_HEIGHT","eventData":{"COMPLETION_STATUS":"RECEIVED","EVENT_ACTION":"UPDATED","EVENT_SOURCE":"PUT /userprofile-service/userprofile/user-settings"},"testMode":false,"receivedDate":null},{"referenceId":"0fbbd6a7-ba94-43af-b42b-3d79d31d3949","referenceType":"CUSTOMER_GUID","sourceSystem":"GCM iOS","sourceSystemVersion":"5.19.1","platformId":"GARMIN_CONNECT","actorId":null,"userAgent":"GCM-iOS-5.19.1.2","locale":"en-US","locationCountry":"IN","eventDateTime":"2025-11-28T11:21:41Z","eventType":"CONNECT_PROFILE_IMAGE","eventData":{"COMPLETION_STATUS":"RECEIVED","EVENT_ACTION":"UPDATED","EVENT_SOURCE":"POST /image-service/imageservice/upload/df491c8a-f771-4efe-9ec7-ef92d78552af"},"testMode":false,"receivedDate":null},{"referenceId":"0fbbd6a7-ba94-43af-b42b-3d79d31d3949","referenceType":"CUSTOMER_GUID","sourceSystem":"Connect API Component","sourceSystemVersion":"UNKNOWN","platformId":"GARMIN_CONNECT","actorId":null,"userAgent":"GC-API:pa-userprofile036","locale":"en-US","locationCountry":"US","eventDateTime":"2025-11-28T11:18:50Z","eventType":"CONNECT_USER_PREFERENCE","eventData":{"COMPLETION_STATUS":"RECEIVED","EVENT_ACTION":"UPDATED","EVENT_SOURCE":"PUT /userpreference-service/Wellness.endSleepTimeSecondsFromMidnight","X-actor":"USER","preferenceKey":"Wellness.endSleepTimeSecondsFromMidnight","preferenceValue":"21600"},"testMode":false,"receivedDate":null},{"referenceId":"0fbbd6a7-ba94-43af-b42b-3d79d31d3949","referenceType":"CUSTOMER_GUID","sourceSystem":"GCM iOS","sourceSystemVersion":"5.19.1","platformId":"GARMIN_CONNECT","actorId":null,"userAgent":"GCM-iOS-5.19.1.2","locale":"en-US","locationCountry":"US","eventDateTime":"2025-11-28T11:18:22.700Z","eventType":"CONNECT_PROFILE_FULLNAME","eventData":{"COMPLETION_STATUS":"RECEIVED","EVENT_ACTION":"CREATED","EVENT_SOURCE":"PreauthorizedFilter:SSOTokenExchage"},"testMode":false,"receivedDate":null},{"referenceId":"0fbbd6a7-ba94-43af-b42b-3d79d31d3949","referenceType":"CUSTOMER_GUID","sourceSystem":"ITW_SSO_LISTENER","sourceSystemVersion":null,"platformId":"ITW_SSO_LISTENER","actorId":null,"userAgent":null,"locale":null,"locationCountry":null,"eventDateTime":"2025-11-28T11:18:21.285Z","eventType":"ACCOUNT_VERIFICATION_EMAIL_SENT","eventData":{},"testMode":false,"receivedDate":null},{"referenceId":"0fbbd6a7-ba94-43af-b42b-3d79d31d3949","referenceType":"CUSTOMER_GUID","sourceSystem":"Connect API Component B","sourceSystemVersion":"UNKNOWN","platformId":"GARMIN_CONNECT","actorId":null,"userAgent":"GC-API:kc3xpaosconctoauthexternal002.diconnectapiprodservices.oskc3connect00","locale":"en-US","locationCountry":"US","eventDateTime":"2025-11-28T11:18:21Z","eventType":"CONNECT_PROFILE_FULLNAME","eventData":{"COMPLETION_STATUS":"RECEIVED","EVENT_ACTION":"UPDATED","EVENT_SOURCE":"POST /userprofile-service/socialProfile/df491c8a-f771-4efe-9ec7-ef92d78552af"},"testMode":false,"receivedDate":null},{"referenceId":"0fbbd6a7-ba94-43af-b42b-3d79d31d3949","referenceType":"CUSTOMER_GUID","sourceSystem":"Connect API Component B","sourceSystemVersion":"UNKNOWN","platformId":"GARMIN_CONNECT","actorId":null,"userAgent":"GC-API:kc3xpaosconctoauthexternal002.diconnectapiprodservices.oskc3connect00","locale":"en-US","locationCountry":"US","eventDateTime":"2025-11-28T11:18:21Z","eventType":"CONNECT_PROFILE_SHOW_ACTIVITY_CLASS","eventData":{"COMPLETION_STATUS":"RECEIVED","EVENT_ACTION":"OPTED_OUT","EVENT_SOURCE":"POST /userprofile-service/socialProfile/df491c8a-f771-4efe-9ec7-ef92d78552af"},"testMode":false,"receivedDate":null},{"referenceId":"0fbbd6a7-ba94-43af-b42b-3d79d31d3949","referenceType":"CUSTOMER_GUID","sourceSystem":"Connect API Component B","sourceSystemVersion":"UNKNOWN","platformId":"GARMIN_CONNECT","actorId":null,"userAgent":"GC-API:kc3xpaosconctoauthexternal002.diconnectapiprodservices.oskc3connect00","locale":"en-US","locationCountry":"US","eventDateTime":"2025-11-28T11:18:21Z","eventType":"CONNECT_PROFILE_SHOW_AGE_RANGE","eventData":{"COMPLETION_STATUS":"RECEIVED","EVENT_ACTION":"OPTED_OUT","EVENT_SOURCE":"POST /userprofile-service/socialProfile/df491c8a-f771-4efe-9ec7-ef92d78552af"},"testMode":false,"receivedDate":null},{"referenceId":"0fbbd6a7-ba94-43af-b42b-3d79d31d3949","referenceType":"CUSTOMER_GUID","sourceSystem":"Connect API Component B","sourceSystemVersion":"UNKNOWN","platformId":"GARMIN_CONNECT","actorId":null,"userAgent":"GC-API:kc3xpaosconctoauthexternal002.diconnectapiprodservices.oskc3connect00","locale":"en-US","locationCountry":"US","eventDateTime":"2025-11-28T11:18:21Z","eventType":"CONNECT_PROFILE_SHOW_GENDER","eventData":{"COMPLETION_STATUS":"RECEIVED","EVENT_ACTION":"OPTED_OUT","EVENT_SOURCE":"POST /userprofile-service/socialProfile/df491c8a-f771-4efe-9ec7-ef92d78552af"},"testMode":false,"receivedDate":null},{"referenceId":"0fbbd6a7-ba94-43af-b42b-3d79d31d3949","referenceType":"CUSTOMER_GUID","sourceSystem":"Connect API Component B","sourceSystemVersion":"UNKNOWN","platformId":"GARMIN_CONNECT","actorId":null,"userAgent":"GC-API:kc3xpaosconctoauthexternal002.diconnectapiprodservices.oskc3connect00","locale":"en-US","locationCountry":"US","eventDateTime":"2025-11-28T11:18:21Z","eventType":"CONNECT_PROFILE_SHOW_LAST12MONTHS","eventData":{"COMPLETION_STATUS":"RECEIVED","EVENT_ACTION":"OPTED_IN","EVENT_SOURCE":"POST /userprofile-service/socialProfile/df491c8a-f771-4efe-9ec7-ef92d78552af"},"testMode":false,"receivedDate":null},{"referenceId":"0fbbd6a7-ba94-43af-b42b-3d79d31d3949","referenceType":"CUSTOMER_GUID","sourceSystem":"Connect API Component B","sourceSystemVersion":"UNKNOWN","platformId":"GARMIN_CONNECT","actorId":null,"userAgent":"GC-API:kc3xpaosconctoauthexternal002.diconnectapiprodservices.oskc3connect00","locale":"en-US","locationCountry":"US","eventDateTime":"2025-11-28T11:18:21Z","eventType":"CONNECT_PROFILE_SHOW_LIFETIME_TOTALS","eventData":{"COMPLETION_STATUS":"RECEIVED","EVENT_ACTION":"OPTED_IN","EVENT_SOURCE":"POST /userprofile-service/socialProfile/df491c8a-f771-4efe-9ec7-ef92d78552af"},"testMode":false,"receivedDate":null},{"referenceId":"0fbbd6a7-ba94-43af-b42b-3d79d31d3949","referenceType":"CUSTOMER_GUID","sourceSystem":"Connect API Component B","sourceSystemVersion":"UNKNOWN","platformId":"GARMIN_CONNECT","actorId":null,"userAgent":"GC-API:kc3xpaosconctoauthexternal002.diconnectapiprodservices.oskc3connect00","locale":"en-US","locationCountry":"US","eventDateTime":"2025-11-28T11:18:21Z","eventType":"CONNECT_PROFILE_SHOW_PERSONAL_RECORDS","eventData":{"COMPLETION_STATUS":"RECEIVED","EVENT_ACTION":"OPTED_IN","EVENT_SOURCE":"POST /userprofile-service/socialProfile/df491c8a-f771-4efe-9ec7-ef92d78552af"},"testMode":false,"receivedDate":null},{"referenceId":"0fbbd6a7-ba94-43af-b42b-3d79d31d3949","referenceType":"CUSTOMER_GUID","sourceSystem":"Connect API Component B","sourceSystemVersion":"UNKNOWN","platformId":"GARMIN_CONNECT","actorId":null,"userAgent":"GC-API:kc3xpaosconctoauthexternal002.diconnectapiprodservices.oskc3connect00","locale":"en-US","locationCountry":"US","eventDateTime":"2025-11-28T11:18:21Z","eventType":"CONNECT_PROFILE_SHOW_RECENT_DEVICE","eventData":{"COMPLETION_STATUS":"RECEIVED","EVENT_ACTION":"OPTED_IN","EVENT_SOURCE":"POST /userprofile-service/socialProfile/df491c8a-f771-4efe-9ec7-ef92d78552af"},"testMode":false,"receivedDate":null},{"referenceId":"0fbbd6a7-ba94-43af-b42b-3d79d31d3949","referenceType":"CUSTOMER_GUID","sourceSystem":"Connect API Component B","sourceSystemVersion":"UNKNOWN","platformId":"GARMIN_CONNECT","actorId":null,"userAgent":"GC-API:kc3xpaosconctoauthexternal002.diconnectapiprodservices.oskc3connect00","locale":"en-US","locationCountry":"US","eventDateTime":"2025-11-28T11:18:21Z","eventType":"CONNECT_PROFILE_SHOW_RECENT_FAVORITES","eventData":{"COMPLETION_STATUS":"RECEIVED","EVENT_ACTION":"OPTED_IN","EVENT_SOURCE":"POST /userprofile-service/socialProfile/df491c8a-f771-4efe-9ec7-ef92d78552af"},"testMode":false,"receivedDate":null},{"referenceId":"0fbbd6a7-ba94-43af-b42b-3d79d31d3949","referenceType":"CUSTOMER_GUID","sourceSystem":"Connect API Component B","sourceSystemVersion":"UNKNOWN","platformId":"GARMIN_CONNECT","actorId":null,"userAgent":"GC-API:kc3xpaosconctoauthexternal002.diconnectapiprodservices.oskc3connect00","locale":"en-US","locationCountry":"US","eventDateTime":"2025-11-28T11:18:21Z","eventType":"CONNECT_PROFILE_SHOW_UPCOMING_EVENTS","eventData":{"COMPLETION_STATUS":"RECEIVED","EVENT_ACTION":"OPTED_IN","EVENT_SOURCE":"POST /userprofile-service/socialProfile/df491c8a-f771-4efe-9ec7-ef92d78552af"},"testMode":false,"receivedDate":null},{"referenceId":"0fbbd6a7-ba94-43af-b42b-3d79d31d3949","referenceType":"CUSTOMER_GUID","sourceSystem":"Connect API Component B","sourceSystemVersion":"UNKNOWN","platformId":"GARMIN_CONNECT","actorId":null,"userAgent":"GC-API:kc3xpaosconctoauthexternal002.diconnectapiprodservices.oskc3connect00","locale":"en-US","locationCountry":"US","eventDateTime":"2025-11-28T11:18:21Z","eventType":"CONNECT_PROFILE_SHOW_VO2MAX","eventData":{"COMPLETION_STATUS":"RECEIVED","EVENT_ACTION":"OPTED_OUT","EVENT_SOURCE":"POST /userprofile-service/socialProfile/df491c8a-f771-4efe-9ec7-ef92d78552af"},"testMode":false,"receivedDate":null},{"referenceId":"0fbbd6a7-ba94-43af-b42b-3d79d31d3949","referenceType":"CUSTOMER_GUID","sourceSystem":"Connect API Component B","sourceSystemVersion":"UNKNOWN","platformId":"GARMIN_CONNECT","actorId":null,"userAgent":"GC-API:kc3xpaosconctoauthexternal002.diconnectapiprodservices.oskc3connect00","locale":"en-US","locationCountry":"US","eventDateTime":"2025-11-28T11:18:21Z","eventType":"CONNECT_PROFILE_VISIBILITY","eventData":{"COMPLETION_STATUS":"RECEIVED","EVENT_ACTION":"UPDATED","EVENT_SOURCE":"POST /userprofile-service/socialProfile/df491c8a-f771-4efe-9ec7-ef92d78552af","profileVisibility":"private"},"testMode":false,"receivedDate":null},{"referenceId":"0fbbd6a7-ba94-43af-b42b-3d79d31d3949","referenceType":"CUSTOMER_GUID","sourceSystem":"Connect API Component B","sourceSystemVersion":"UNKNOWN","platformId":"GARMIN_CONNECT","actorId":null,"userAgent":"GC-API:kc3xpaosconctoauthexternal002.diconnectapiprodservices.oskc3connect00","locale":"en-US","locationCountry":"US","eventDateTime":"2025-11-28T11:18:21Z","eventType":"CONNECT_USER_PREFERENCE","eventData":{"COMPLETION_STATUS":"RECEIVED","EVENT_ACTION":"CREATED","EVENT_SOURCE":"POST /userpreference-service/","X-actor":"USER","preferenceKey":"default_activity_visibility_flag","preferenceValue":"2"},"testMode":false,"receivedDate":null},{"referenceId":"0fbbd6a7-ba94-43af-b42b-3d79d31d3949","referenceType":"CUSTOMER_GUID","sourceSystem":"CSE_CDS_SSO_MOBILE_PORTAL-GCM_IOS_DARK","sourceSystemVersion":null,"platformId":"GCM_IOS_DARK","actorId":null,"userAgent":"Mozilla/5.0 (iPhone; CPU iPhone OS 18_7 like Mac OS X) AppleWebKit/605.1.15 (KHTML, like Gecko) Mobile/15E148","locale":"en-US","locationCountry":"US","eventDateTime":"2025-11-28T11:18:20.669Z","eventType":"IT_SSO_PORTAL_ACCOUNT_CREATION","eventData":{},"testMode":false,"receivedDate":null},{"referenceId":"0fbbd6a7-ba94-43af-b42b-3d79d31d3949","referenceType":"CUSTOMER_GUID","sourceSystem":"GCM_IOS_DARK","sourceSystemVersion":null,"platformId":"APS","actorId":null,"userAgent":"ACCOUNT_PROCESS_SERVICES","locale":null,"locationCountry":null,"eventDateTime":"2025-11-28T11:18:20.646Z","eventType":"IT_APS_ACCOUNT_VERIFICATION_EMAIL_REQUESTED","eventData":{"emailAddress":"sannidhiainu@gmail.com"},"testMode":false,"receivedDate":null}]