[{"userProfilePK":139688925,"calendarDate":"2025-12-03","persistedTimestampGMT":"2025-12-03T15:02:28.416","timestampLocal":"2025-12-03T17:33:53.0","hydrationSource":"GARMIN_ACTIVITY","valueInML":0.0,"activityId":21159045593,"capped":false,"estimatedSweatLossInML":532.0,"duration":3847.29296875,"uuid":{"uuid":"c15067dc-5bc8-4714-9762-07e18f0563fb"}},{"userProfilePK":139688925,"calendarDate":"2025-12-06","persistedTimestampGMT":"2025-12-06T14:25:25.274","timestampLocal":"2025-12-06T18:22:59.0","hydrationSource":"GARMIN_ACTIVITY","valueInML":0.0,"activityId":21184883055,"capped":false,"estimatedSweatLossInML":904.0,"duration":5355.52685546875,"uuid":{"uuid":"d9bd1dd2-bc42-4c74-a2ab-009e9ec7826d"}},{"userProfilePK":139688925,"calendarDate":"2025-12-08","persistedTimestampGMT":"2025-12-09T12:58:24.517","timestampLocal":"2025-12-08T16:46:21.0","hydrationSource":"GARMIN_ACTIVITY","valueInML":0.0,"activityId":21210521095,"capped":false,"estimatedSweatLossInML":688.0,"duration":3533.83203125,"uuid":{"uuid":"5f1befb3-08ca-4a65-a376-340a49114af8"}},{"userProfilePK":139688925,"calendarDate":"2025-12-11","persistedTimestampGMT":"2025-12-11T12:48:57.679","timestampLocal":"2025-12-11T17:11:14.0","hydrationSource":"GARMIN_ACTIVITY","valueInML":0.0,"activityId":21228853794,"capped":false,"estimatedSweatLossInML":792.0,"duration":4025.25,"uuid":{"uuid":"6f439ca6-bd13-4472-a361-5e9cf499bdad"}}]