[{"userProfilePK":139688925,"calendarDate":"2025-11-28","uuid":"a7ca679a4fbd4c5f8ec92d7aa398163f","durationInMilliseconds":86400000,"totalKilocalories":2272.0,"activeKilocalories":313.0,"bmrKilocalories":1959.0,"wellnessKilocalories":2272.0,"wellnessTotalKilocalories":2272.0,"wellnessActiveKilocalories":313.0,"totalSteps":10448,"dailyStepGoal":10000,"totalDistanceMeters":8132,"wellnessDistanceMeters":8132,"wellnessStartTimeGmt":"2025-11-27T18:30:00.0","wellnessEndTimeGmt":"2025-11-28T18:30:00.0","wellnessStartTimeLocal":"2025-11-28T00:00:00.0","wellnessEndTimeLocal":"2025-11-29T00:00:00.0","highlyActiveSeconds":1877,"activeSeconds":5095,"moderateIntensityMinutes":0,"vigorousIntensityMinutes":0,"isVigorousDay":false,"floorsAscendedInMeters":18.982,"floorsDescendedInMeters":16.199,"userIntensityMinutesGoal":150,"userFloorsAscendedGoal":10,"minHeartRate":63,"maxHeartRate":123,"restingHeartRate":72,"currentDayRestingHeartRate":72,"restingHeartRateTimestamp":1764354600000,"includesWellnessData":true,"includesActivityData":false,"includesCalorieConsumedData":false,"includesSingleMeasurement":false,"includesContinuousMeasurement":false,"includesAllDayPulseOx":false,"includesSleepPulseOx":false,"source":0,"allDayStress":{"userProfilePK":139688925,"calendarDate":"2025-11-28","aggregatorList":[{"type":"TOTAL","averageStressLevel":29,"averageStressLevelIntensity":23,"maxStressLevel":84,"stressIntensityCount":50,"stressOffWristCount":225,"stressTooActiveCount":143,"totalStressCount":418,"totalStressIntensity":564,"stressDuration":900,"restDuration":2100,"activityDuration":8580,"uncategorizedDuration":13500,"totalDuration":25080,"lowDuration":420,"mediumDuration":240,"highDuration":240},{"type":"AWAKE","averageStressLevel":29,"averageStressLevelIntensity":23,"maxStressLevel":84,"stressIntensityCount":50,"stressOffWristCount":225,"stressTooActiveCount":143,"totalStressCount":418,"totalStressIntensity":564,"stressDuration":900,"restDuration":2100,"activityDuration":8580,"uncategorizedDuration":13500,"totalDuration":25080,"lowDuration":420,"mediumDuration":240,"highDuration":240},{"type":"ASLEEP","averageStressLevel":-2,"averageStressLevelIntensity":-2}]},"bodyBattery":{"userProfilePK":139688925,"calendarDate":"2025-11-28","chargedValue":0,"drainedValue":18,"bodyBatteryVersion":3.0,"bodyBatteryStatList":[{"bodyBatteryStatType":"HIGHEST","statsValue":35,"bodyBatteryStatus":"MEASURED","statTimestamp":"2025-11-28T11:25:00.0"},{"bodyBatteryStatType":"LOWEST","statsValue":17,"bodyBatteryStatus":"MODELED","statTimestamp":"2025-11-28T18:06:00.0"},{"bodyBatteryStatType":"MOSTRECENT","statsValue":17,"bodyBatteryStatus":"MEASURED","statTimestamp":"2025-11-28T18:29:00.0"},{"bodyBatteryStatType":"ENDOFDAY","statsValue":17,"bodyBatteryStatus":"MEASURED","statTimestamp":"2025-11-28T18:29:00.0"},{"bodyBatteryStatType":"STARTOFDAY","statsValue":35,"bodyBatteryStatus":"MEASURED","statTimestamp":"2025-11-28T11:25:00.0"}]},"minAvgHeartRate":66,"maxAvgHeartRate":121,"version":86340002,"averageMonitoringEnvironmentAltitude":540.0,"respiration":{"userProfilePK":139688925,"calendarDate":"2025-11-28","avgWakingRespirationValue":14.0,"highestRespirationValue":23.0,"lowestRespirationValue":8.0,"latestRespirationValue":17.0,"latestRespirationTimeGMT":"2025-11-28T18:28:00.0","algorithmVersion":200}},{"userProfilePK":139688925,"calendarDate":"2025-11-29","uuid":"ccbe9b8222a741c58e67b96443f0f12a","durationInMilliseconds":86400000,"totalKilocalories":2047.0,"activeKilocalories":88.0,"bmrKilocalories":1959.0,"wellnessKilocalories":2047.0,"wellnessTotalKilocalories":2047.0,"wellnessActiveKilocalories":88.0,"totalSteps":6349,"dailyStepGoal":10050,"totalDistanceMeters":4857,"wellnessDistanceMeters":4857,"wellnessStartTimeGmt":"2025-11-28T18:30:00.0","wellnessEndTimeGmt":"2025-11-29T18:30:00.0","wellnessStartTimeLocal":"2025-11-29T00:00:00.0","wellnessEndTimeLocal":"2025-11-30T00:00:00.0","highlyActiveSeconds":704,"activeSeconds":2501,"moderateIntensityMinutes":0,"vigorousIntensityMinutes":0,"isVigorousDay":false,"floorsAscendedInMeters":24.693,"floorsDescendedInMeters":20.458,"userIntensityMinutesGoal":150,"userFloorsAscendedGoal":10,"minHeartRate":46,"maxHeartRate":101,"restingHeartRate":60,"currentDayRestingHeartRate":48,"restingHeartRateTimestamp":1764441000000,"includesWellnessData":true,"includesActivityData":false,"includesCalorieConsumedData":false,"includesSingleMeasurement":false,"includesContinuousMeasurement":false,"includesAllDayPulseOx":false,"includesSleepPulseOx":false,"source":0,"allDayStress":{"userProfilePK":139688925,"calendarDate":"2025-11-29","aggregatorList":[{"type":"TOTAL","averageStressLevel":15,"averageStressLevelIntensity":13,"maxStressLevel":81,"stressIntensityCount":667,"stressOffWristCount":678,"stressTooActiveCount":74,"totalStressCount":1419,"totalStressIntensity":33496,"stressDuration":7440,"restDuration":32580,"activityDuration":4440,"uncategorizedDuration":40680,"totalDuration":85140,"lowDuration":5220,"mediumDuration":2160,"highDuration":60},{"type":"AWAKE","averageStressLevel":34,"averageStressLevelIntensity":28,"maxStressLevel":81,"stressIntensityCount":213,"stressOffWristCount":672,"stressTooActiveCount":74,"totalStressCount":959,"totalStressIntensity":-916,"stressDuration":7020,"restDuration":5760,"activityDuration":4440,"uncategorizedDuration":40320,"totalDuration":57540,"lowDuration":4860,"mediumDuration":2100,"highDuration":60},{"type":"ASLEEP","averageStressLevel":6,"averageStressLevelIntensity":6,"maxStressLevel":70,"stressIntensityCount":454,"stressOffWristCount":6,"totalStressCount":460,"totalStressIntensity":34412,"stressDuration":420,"restDuration":26820,"uncategorizedDuration":360,"totalDuration":27600,"lowDuration":360,"mediumDuration":60}]},"bodyBattery":{"userProfilePK":139688925,"calendarDate":"2025-11-29","chargedValue":83,"drainedValue":37,"bodyBatteryVersion":3.0,"bodyBatteryStatList":[{"bodyBatteryStatType":"HIGHEST","statsValue":96,"bodyBatteryStatus":"MEASURED","statTimestamp":"2025-11-29T05:08:00.0"},{"bodyBatteryStatType":"LOWEST","statsValue":13,"bodyBatteryStatus":"MEASURED","statTimestamp":"2025-11-28T20:15:00.0"},{"bodyBatteryStatType":"MOSTRECENT","statsValue":63,"bodyBatteryStatus":"MEASURED","statTimestamp":"2025-11-29T10:07:00.0"},{"bodyBatteryStatType":"STARTOFDAY","statsValue":17,"bodyBatteryStatus":"MEASURED","statTimestamp":"2025-11-28T18:31:00.0"},{"bodyBatteryStatType":"SLEEPSTART","statsValue":15,"bodyBatteryStatus":"MEASURED","statTimestamp":"2025-11-28T21:45:00.0"},{"bodyBatteryStatType":"SLEEPEND","statsValue":96,"bodyBatteryStatus":"MEASURED","statTimestamp":"2025-11-29T05:24:00.0"},{"bodyBatteryStatType":"DURINGSLEEP","statsValue":81,"bodyBatteryStatus":"MEASURED","statTimestamp":"2025-11-29T05:24:00.0"}]},"minAvgHeartRate":47,"maxAvgHeartRate":101,"version":41100002,"averageMonitoringEnvironmentAltitude":536.0,"respiration":{"userProfilePK":139688925,"calendarDate":"2025-11-29","avgWakingRespirationValue":14.0,"highestRespirationValue":22.0,"lowestRespirationValue":8.0,"latestRespirationValue":12.0,"latestRespirationTimeGMT":"2025-11-29T09:59:00.0","algorithmVersion":200},"bodyBatteryFeedback":{"userProfilePk":139688925,"calendarDate":{"year":2025,"month":"NOVEMBER","chronology":{"calendarType":"iso8601","id":"ISO"},"dayOfWeek":"SATURDAY","era":"CE","dayOfYear":333,"leapYear":false,"monthValue":11,"dayOfMonth":29},"deviceId":3507193870,"bodyBatteryVersion":3.0,"bodyBatteryDynamicFeedbackEvent":{"eventTimestampGmt":{"dayOfWeek":"SATURDAY","dayOfYear":333,"year":2025,"month":"NOVEMBER","nano":0,"monthValue":11,"dayOfMonth":29,"hour":18,"minute":5,"second":0,"chronology":{"calendarType":"iso8601","id":"ISO"}},"bodyBatteryLevel":3,"feedbackShortType":300,"feedbackLongType":300},"bodyBatteryActivityEventList":[{"eventType":4,"eventStartTimeGmt":{"dayOfWeek":"FRIDAY","dayOfYear":332,"year":2025,"month":"NOVEMBER","nano":0,"monthValue":11,"dayOfMonth":28,"hour":21,"minute":44,"second":9,"chronology":{"calendarType":"iso8601","id":"ISO"}},"eventUpdateTimeGmt":{"dayOfWeek":"SATURDAY","dayOfYear":333,"year":2025,"month":"NOVEMBER","nano":0,"monthValue":11,"dayOfMonth":29,"hour":5,"minute":26,"second":10,"chronology":{"calendarType":"iso8601","id":"ISO"}},"timezoneOffset":19800000,"durationInMilliseconds":27600000,"bodyBatteryImpact":81,"feedbackType":0,"shortFeedback":0}],"version":41100002,"preferredActivityTracker":true}},{"userProfilePK":139688925,"calendarDate":"2025-11-30","uuid":"9d72b4a7360649919dbe0cba014ced3d","durationInMilliseconds":86400000,"totalKilocalories":2008.0,"activeKilocalories":49.0,"bmrKilocalories":1959.0,"wellnessKilocalories":2008.0,"wellnessTotalKilocalories":2008.0,"wellnessActiveKilocalories":49.0,"totalSteps":1739,"dailyStepGoal":9680,"totalDistanceMeters":1305,"wellnessDistanceMeters":1305,"wellnessStartTimeGmt":"2025-11-29T18:30:00.0","wellnessEndTimeGmt":"2025-11-30T18:30:00.0","wellnessStartTimeLocal":"2025-11-30T00:00:00.0","wellnessEndTimeLocal":"2025-12-01T00:00:00.0","highlyActiveSeconds":216,"activeSeconds":786,"moderateIntensityMinutes":0,"vigorousIntensityMinutes":0,"isVigorousDay":false,"floorsAscendedInMeters":16.214,"floorsDescendedInMeters":12.25,"userIntensityMinutesGoal":150,"userFloorsAscendedGoal":10,"minHeartRate":43,"maxHeartRate":113,"restingHeartRate":56,"currentDayRestingHeartRate":48,"restingHeartRateTimestamp":1764527400000,"includesWellnessData":true,"includesActivityData":false,"includesCalorieConsumedData":false,"includesSingleMeasurement":false,"includesContinuousMeasurement":false,"includesAllDayPulseOx":false,"includesSleepPulseOx":false,"source":0,"allDayStress":{"userProfilePK":139688925,"calendarDate":"2025-11-30","aggregatorList":[{"type":"TOTAL","averageStressLevel":22,"averageStressLevelIntensity":18,"maxStressLevel":93,"stressIntensityCount":746,"stressOffWristCount":630,"stressTooActiveCount":19,"totalStressCount":1395,"totalStressIntensity":22152,"stressDuration":16140,"restDuration":28620,"activityDuration":1140,"uncategorizedDuration":37800,"totalDuration":83700,"lowDuration":12480,"mediumDuration":3000,"highDuration":660},{"type":"AWAKE","averageStressLevel":40,"averageStressLevelIntensity":37,"maxStressLevel":93,"stressIntensityCount":275,"stressOffWristCount":630,"stressTooActiveCount":19,"totalStressCount":924,"totalStressIntensity":-4649,"stressDuration":13200,"restDuration":3300,"activityDuration":1140,"uncategorizedDuration":37800,"totalDuration":55440,"lowDuration":9540,"mediumDuration":3000,"highDuration":660},{"type":"ASLEEP","averageStressLevel":11,"averageStressLevelIntensity":11,"maxStressLevel":36,"stressIntensityCount":471,"totalStressCount":471,"totalStressIntensity":26801,"stressDuration":2940,"restDuration":25320,"totalDuration":28260,"lowDuration":2940}]},"bodyBattery":{"userProfilePK":139688925,"calendarDate":"2025-11-30","chargedValue":79,"drainedValue":29,"bodyBatteryVersion":3.0,"bodyBatteryStatList":[{"bodyBatteryStatType":"HIGHEST","statsValue":100,"bodyBatteryStatus":"MEASURED","statTimestamp":"2025-11-30T04:20:00.0"},{"bodyBatteryStatType":"LOWEST","statsValue":21,"bodyBatteryStatus":"MODELED","statTimestamp":"2025-11-29T20:05:00.0"},{"bodyBatteryStatType":"MOSTRECENT","statsValue":32,"bodyBatteryStatus":"MEASURED","statTimestamp":"2025-11-30T18:30:00.0"},{"bodyBatteryStatType":"ENDOFDAY","statsValue":32,"bodyBatteryStatus":"MEASURED","statTimestamp":"2025-11-30T18:30:00.0"},{"bodyBatteryStatType":"STARTOFDAY","statsValue":22,"bodyBatteryStatus":"RESET","statTimestamp":"2025-11-29T19:51:00.0"},{"bodyBatteryStatType":"SLEEPSTART","statsValue":24,"bodyBatteryStatus":"MEASURED","statTimestamp":"2025-11-29T20:51:00.0"},{"bodyBatteryStatType":"SLEEPEND","statsValue":100,"bodyBatteryStatus":"MEASURED","statTimestamp":"2025-11-30T04:56:00.0"},{"bodyBatteryStatType":"DURINGSLEEP","statsValue":76,"bodyBatteryStatus":"MEASURED","statTimestamp":"2025-11-30T04:56:00.0"}]},"minAvgHeartRate":45,"maxAvgHeartRate":112,"version":75960002,"averageMonitoringEnvironmentAltitude":537.0,"respiration":{"userProfilePK":139688925,"calendarDate":"2025-11-30","avgWakingRespirationValue":15.0,"highestRespirationValue":23.0,"lowestRespirationValue":7.0,"latestRespirationValue":18.0,"latestRespirationTimeGMT":"2025-11-30T18:30:00.0","algorithmVersion":200},"bodyBatteryFeedback":{"userProfilePk":139688925,"calendarDate":{"year":2025,"month":"NOVEMBER","chronology":{"calendarType":"iso8601","id":"ISO"},"dayOfWeek":"SUNDAY","era":"CE","dayOfYear":334,"leapYear":false,"monthValue":11,"dayOfMonth":30},"deviceId":3507193870,"bodyBatteryVersion":3.0,"bodyBatteryDynamicFeedbackEvent":{"eventTimestampGmt":{"dayOfWeek":"SUNDAY","dayOfYear":334,"year":2025,"month":"NOVEMBER","nano":0,"monthValue":11,"dayOfMonth":30,"hour":18,"minute":5,"second":0,"chronology":{"calendarType":"iso8601","id":"ISO"}},"bodyBatteryLevel":4,"feedbackShortType":300,"feedbackLongType":300},"bodyBatteryActivityEventList":[{"eventType":4,"eventStartTimeGmt":{"dayOfWeek":"SATURDAY","dayOfYear":333,"year":2025,"month":"NOVEMBER","nano":0,"monthValue":11,"dayOfMonth":29,"hour":20,"minute":50,"second":10,"chronology":{"calendarType":"iso8601","id":"ISO"}},"eventUpdateTimeGmt":{"dayOfWeek":"SUNDAY","dayOfYear":334,"year":2025,"month":"NOVEMBER","nano":0,"monthValue":11,"dayOfMonth":30,"hour":5,"minute":26,"second":27,"chronology":{"calendarType":"iso8601","id":"ISO"}},"timezoneOffset":19800000,"durationInMilliseconds":29160000,"bodyBatteryImpact":76,"feedbackType":0,"shortFeedback":0}],"version":75960002,"preferredActivityTracker":true}},{"userProfilePK":139688925,"calendarDate":"2025-12-01","uuid":"01a00d43bcec438281c3aabc74ebd6ba","durationInMilliseconds":86400000,"totalKilocalories":2168.0,"activeKilocalories":209.0,"bmrKilocalories":1959.0,"wellnessKilocalories":2168.0,"wellnessTotalKilocalories":2168.0,"wellnessActiveKilocalories":209.0,"totalSteps":5462,"dailyStepGoal":8100,"totalDistanceMeters":4137,"wellnessDistanceMeters":4137,"wellnessStartTimeGmt":"2025-11-30T18:30:00.0","wellnessEndTimeGmt":"2025-12-01T18:30:00.0","wellnessStartTimeLocal":"2025-12-01T00:00:00.0","wellnessEndTimeLocal":"2025-12-02T00:00:00.0","highlyActiveSeconds":694,"activeSeconds":2643,"moderateIntensityMinutes":0,"vigorousIntensityMinutes":1,"isVigorousDay":false,"floorsAscendedInMeters":18.959,"floorsDescendedInMeters":17.025,"userIntensityMinutesGoal":150,"userFloorsAscendedGoal":10,"minHeartRate":45,"maxHeartRate":125,"restingHeartRate":55,"currentDayRestingHeartRate":50,"restingHeartRateTimestamp":1764613800000,"includesWellnessData":true,"includesActivityData":false,"includesCalorieConsumedData":false,"includesSingleMeasurement":false,"includesContinuousMeasurement":false,"includesAllDayPulseOx":false,"includesSleepPulseOx":false,"source":0,"allDayStress":{"userProfilePK":139688925,"calendarDate":"2025-12-01","aggregatorList":[{"type":"TOTAL","averageStressLevel":26,"averageStressLevelIntensity":21,"maxStressLevel":99,"stressIntensityCount":1170,"stressOffWristCount":194,"stressTooActiveCount":76,"totalStressCount":1440,"totalStressIntensity":19972,"stressDuration":29880,"restDuration":40320,"activityDuration":4560,"uncategorizedDuration":11640,"totalDuration":86400,"lowDuration":20760,"mediumDuration":7080,"highDuration":2040},{"type":"AWAKE","averageStressLevel":40,"averageStressLevelIntensity":37,"maxStressLevel":99,"stressIntensityCount":658,"stressOffWristCount":194,"stressTooActiveCount":76,"totalStressCount":928,"totalStressIntensity":-11163,"stressDuration":29820,"restDuration":9660,"activityDuration":4560,"uncategorizedDuration":11640,"totalDuration":55680,"lowDuration":20700,"mediumDuration":7080,"highDuration":2040},{"type":"ASLEEP","averageStressLevel":10,"averageStressLevelIntensity":10,"maxStressLevel":29,"stressIntensityCount":512,"totalStressCount":512,"totalStressIntensity":31135,"stressDuration":60,"restDuration":30660,"totalDuration":30720,"lowDuration":60}]},"bodyBattery":{"userProfilePK":139688925,"calendarDate":"2025-12-01","chargedValue":72,"drainedValue":72,"bodyBatteryVersion":3.0,"bodyBatteryStatList":[{"bodyBatteryStatType":"HIGHEST","statsValue":100,"bodyBatteryStatus":"MEASURED","statTimestamp":"2025-12-01T03:17:00.0"},{"bodyBatteryStatType":"LOWEST","statsValue":28,"bodyBatteryStatus":"MEASURED","statTimestamp":"2025-11-30T19:36:00.0"},{"bodyBatteryStatType":"MOSTRECENT","statsValue":32,"bodyBatteryStatus":"MODELED","statTimestamp":"2025-12-01T18:30:00.0"},{"bodyBatteryStatType":"ENDOFDAY","statsValue":32,"bodyBatteryStatus":"MODELED","statTimestamp":"2025-12-01T18:30:00.0"},{"bodyBatteryStatType":"STARTOFDAY","statsValue":32,"bodyBatteryStatus":"MEASURED","statTimestamp":"2025-11-30T18:31:00.0"},{"bodyBatteryStatType":"SLEEPSTART","statsValue":28,"bodyBatteryStatus":"MEASURED","statTimestamp":"2025-11-30T20:01:00.0"},{"bodyBatteryStatType":"SLEEPEND","statsValue":100,"bodyBatteryStatus":"MEASURED","statTimestamp":"2025-12-01T04:32:00.0"},{"bodyBatteryStatType":"DURINGSLEEP","statsValue":72,"bodyBatteryStatus":"MEASURED","statTimestamp":"2025-12-01T04:32:00.0"}]},"minAvgHeartRate":46,"maxAvgHeartRate":122,"version":2,"averageMonitoringEnvironmentAltitude":540.0,"respiration":{"userProfilePK":139688925,"calendarDate":"2025-12-01","avgWakingRespirationValue":14.0,"highestRespirationValue":22.0,"lowestRespirationValue":6.0,"latestRespirationValue":12.0,"latestRespirationTimeGMT":"2025-12-01T16:20:00.0","algorithmVersion":200},"bodyBatteryFeedback":{"userProfilePk":139688925,"calendarDate":{"year":2025,"month":"DECEMBER","chronology":{"calendarType":"iso8601","id":"ISO"},"dayOfWeek":"MONDAY","era":"CE","dayOfYear":335,"leapYear":false,"monthValue":12,"dayOfMonth":1},"deviceId":3507193870,"bodyBatteryVersion":3.0,"bodyBatteryDynamicFeedbackEvent":{"eventTimestampGmt":{"dayOfWeek":"MONDAY","dayOfYear":335,"year":2025,"month":"DECEMBER","nano":0,"monthValue":12,"dayOfMonth":1,"hour":18,"minute":5,"second":0,"chronology":{"calendarType":"iso8601","id":"ISO"}},"bodyBatteryLevel":4,"feedbackShortType":365,"feedbackLongType":451},"bodyBatteryActivityEventList":[{"eventType":4,"eventStartTimeGmt":{"dayOfWeek":"SUNDAY","dayOfYear":334,"year":2025,"month":"NOVEMBER","nano":0,"monthValue":11,"dayOfMonth":30,"hour":20,"minute":0,"second":27,"chronology":{"calendarType":"iso8601","id":"ISO"}},"eventUpdateTimeGmt":{"dayOfWeek":"MONDAY","dayOfYear":335,"year":2025,"month":"DECEMBER","nano":0,"monthValue":12,"dayOfMonth":1,"hour":4,"minute":34,"second":35,"chronology":{"calendarType":"iso8601","id":"ISO"}},"timezoneOffset":19800000,"durationInMilliseconds":30720000,"bodyBatteryImpact":72,"feedbackType":0,"shortFeedback":0}],"version":2,"endOfDayBodyBatteryDynamicFeedbackEvent":{"eventTimestampGmt":{"dayOfWeek":"MONDAY","dayOfYear":335,"year":2025,"month":"DECEMBER","nano":0,"monthValue":12,"dayOfMonth":1,"hour":0,"minute":26,"second":17,"chronology":{"calendarType":"iso8601","id":"ISO"}},"bodyBatteryLevel":4,"feedbackShortType":396,"feedbackLongType":523},"preferredActivityTracker":true}},{"userProfilePK":139688925,"calendarDate":"2025-12-02","uuid":"f1a434875b154e048733456d6672f525","durationInMilliseconds":86400000,"totalKilocalories":2242.0,"activeKilocalories":283.0,"bmrKilocalories":1959.0,"wellnessKilocalories":2242.0,"wellnessTotalKilocalories":2242.0,"wellnessActiveKilocalories":283.0,"totalSteps":6020,"dailyStepGoal":7580,"totalDistanceMeters":4537,"wellnessDistanceMeters":4537,"wellnessStartTimeGmt":"2025-12-01T18:30:00.0","wellnessEndTimeGmt":"2025-12-02T18:30:00.0","wellnessStartTimeLocal":"2025-12-02T00:00:00.0","wellnessEndTimeLocal":"2025-12-03T00:00:00.0","highlyActiveSeconds":1012,"activeSeconds":3645,"moderateIntensityMinutes":0,"vigorousIntensityMinutes":0,"isVigorousDay":false,"floorsAscendedInMeters":15.24,"floorsDescendedInMeters":18.41,"userIntensityMinutesGoal":150,"userFloorsAscendedGoal":10,"minHeartRate":47,"maxHeartRate":126,"restingHeartRate":54,"currentDayRestingHeartRate":51,"restingHeartRateTimestamp":1764700200000,"includesWellnessData":true,"includesActivityData":false,"includesCalorieConsumedData":false,"includesSingleMeasurement":false,"includesContinuousMeasurement":false,"includesAllDayPulseOx":false,"includesSleepPulseOx":false,"source":0,"allDayStress":{"userProfilePK":139688925,"calendarDate":"2025-12-02","aggregatorList":[{"type":"TOTAL","averageStressLevel":25,"averageStressLevelIntensity":19,"maxStressLevel":99,"stressIntensityCount":628,"stressOffWristCount":739,"stressTooActiveCount":69,"totalStressCount":1436,"totalStressIntensity":15702,"stressDuration":7560,"restDuration":30120,"activityDuration":4140,"uncategorizedDuration":44340,"totalDuration":86160,"lowDuration":1800,"mediumDuration":1140,"highDuration":4620},{"type":"AWAKE","averageStressLevel":62,"averageStressLevelIntensity":58,"maxStressLevel":99,"stressIntensityCount":146,"stressOffWristCount":731,"stressTooActiveCount":69,"totalStressCount":946,"totalStressIntensity":-6477,"stressDuration":6840,"restDuration":1920,"activityDuration":4140,"uncategorizedDuration":43860,"totalDuration":56760,"lowDuration":1140,"mediumDuration":1080,"highDuration":4620},{"type":"ASLEEP","averageStressLevel":13,"averageStressLevelIntensity":14,"maxStressLevel":54,"stressIntensityCount":482,"stressOffWristCount":8,"totalStressCount":490,"totalStressIntensity":22179,"stressDuration":720,"restDuration":28200,"uncategorizedDuration":480,"totalDuration":29400,"lowDuration":660,"mediumDuration":60}]},"bodyBattery":{"userProfilePK":139688925,"calendarDate":"2025-12-02","chargedValue":65,"drainedValue":28,"bodyBatteryVersion":3.0,"bodyBatteryStatList":[{"bodyBatteryStatType":"HIGHEST","statsValue":93,"bodyBatteryStatus":"MEASURED","statTimestamp":"2025-12-02T04:04:00.0"},{"bodyBatteryStatType":"LOWEST","statsValue":28,"bodyBatteryStatus":"MEASURED","statTimestamp":"2025-12-01T19:34:00.0"},{"bodyBatteryStatType":"MOSTRECENT","statsValue":32,"bodyBatteryStatus":"MEASURED","statTimestamp":"2025-12-02T14:21:00.0"},{"bodyBatteryStatType":"STARTOFDAY","statsValue":32,"bodyBatteryStatus":"MODELED","statTimestamp":"2025-12-01T18:31:00.0"},{"bodyBatteryStatType":"SLEEPSTART","statsValue":28,"bodyBatteryStatus":"MEASURED","statTimestamp":"2025-12-01T19:48:00.0"},{"bodyBatteryStatType":"SLEEPEND","statsValue":92,"bodyBatteryStatus":"MEASURED","statTimestamp":"2025-12-02T03:57:00.0"},{"bodyBatteryStatType":"DURINGSLEEP","statsValue":64,"bodyBatteryStatus":"MEASURED","statTimestamp":"2025-12-02T03:57:00.0"}]},"minAvgHeartRate":48,"maxAvgHeartRate":119,"version":2,"averageMonitoringEnvironmentAltitude":535.0,"respiration":{"userProfilePK":139688925,"calendarDate":"2025-12-02","avgWakingRespirationValue":14.0,"highestRespirationValue":22.0,"lowestRespirationValue":6.0,"latestRespirationValue":11.0,"latestRespirationTimeGMT":"2025-12-02T14:17:00.0","algorithmVersion":200},"bodyBatteryFeedback":{"userProfilePk":139688925,"calendarDate":{"year":2025,"month":"DECEMBER","chronology":{"calendarType":"iso8601","id":"ISO"},"dayOfWeek":"TUESDAY","era":"CE","dayOfYear":336,"leapYear":false,"monthValue":12,"dayOfMonth":2},"deviceId":3507193870,"bodyBatteryVersion":3.0,"bodyBatteryDynamicFeedbackEvent":{"eventTimestampGmt":{"dayOfWeek":"TUESDAY","dayOfYear":336,"year":2025,"month":"DECEMBER","nano":0,"monthValue":12,"dayOfMonth":2,"hour":18,"minute":5,"second":0,"chronology":{"calendarType":"iso8601","id":"ISO"}},"bodyBatteryLevel":3,"feedbackShortType":300,"feedbackLongType":300},"bodyBatteryActivityEventList":[{"eventType":4,"eventStartTimeGmt":{"dayOfWeek":"MONDAY","dayOfYear":335,"year":2025,"month":"DECEMBER","nano":0,"monthValue":12,"dayOfMonth":1,"hour":19,"minute":47,"second":35,"chronology":{"calendarType":"iso8601","id":"ISO"}},"eventUpdateTimeGmt":{"dayOfWeek":"TUESDAY","dayOfYear":336,"year":2025,"month":"DECEMBER","nano":0,"monthValue":12,"dayOfMonth":2,"hour":4,"minute":11,"second":57,"chronology":{"calendarType":"iso8601","id":"ISO"}},"timezoneOffset":19800000,"durationInMilliseconds":29400000,"bodyBatteryImpact":64,"feedbackType":0,"shortFeedback":0},{"eventType":5,"eventStartTimeGmt":{"dayOfWeek":"TUESDAY","dayOfYear":336,"year":2025,"month":"DECEMBER","nano":0,"monthValue":12,"dayOfMonth":2,"hour":13,"minute":1,"second":57,"chronology":{"calendarType":"iso8601","id":"ISO"}},"eventUpdateTimeGmt":{"dayOfWeek":"TUESDAY","dayOfYear":336,"year":2025,"month":"DECEMBER","nano":0,"monthValue":12,"dayOfMonth":2,"hour":14,"minute":11,"second":29,"chronology":{"calendarType":"iso8601","id":"ISO"}},"timezoneOffset":19800000,"durationInMilliseconds":4020000,"bodyBatteryImpact":-8,"feedbackType":11,"shortFeedback":4}],"version":2,"endOfDayBodyBatteryDynamicFeedbackEvent":{"eventTimestampGmt":{"dayOfWeek":"MONDAY","dayOfYear":335,"year":2025,"month":"DECEMBER","nano":0,"monthValue":12,"dayOfMonth":1,"hour":21,"minute":30,"second":16,"chronology":{"calendarType":"iso8601","id":"ISO"}},"bodyBatteryLevel":4,"feedbackShortType":396,"feedbackLongType":523},"preferredActivityTracker":true}},{"userProfilePK":139688925,"calendarDate":"2025-12-03","uuid":"3bc4551e62a84450af8275f6a7e95eaf","durationInMilliseconds":86400000,"totalKilocalories":2323.0,"activeKilocalories":364.0,"bmrKilocalories":1959.0,"wellnessKilocalories":2323.0,"wellnessTotalKilocalories":2323.0,"wellnessActiveKilocalories":364.0,"restingCaloriesFromActivity":88.0,"totalSteps":5791,"dailyStepGoal":7270,"totalDistanceMeters":4485,"wellnessDistanceMeters":4485,"wellnessStartTimeGmt":"2025-12-02T18:30:00.0","wellnessEndTimeGmt":"2025-12-03T18:30:00.0","wellnessStartTimeLocal":"2025-12-03T00:00:00.0","wellnessEndTimeLocal":"2025-12-04T00:00:00.0","highlyActiveSeconds":456,"activeSeconds":4232,"moderateIntensityMinutes":43,"vigorousIntensityMinutes":9,"isVigorousDay":false,"floorsAscendedInMeters":15.24,"floorsDescendedInMeters":8.473,"userIntensityMinutesGoal":150,"userFloorsAscendedGoal":10,"minHeartRate":44,"maxHeartRate":143,"restingHeartRate":53,"currentDayRestingHeartRate":49,"restingHeartRateTimestamp":1764786600000,"includesWellnessData":true,"includesActivityData":true,"includesCalorieConsumedData":false,"includesSingleMeasurement":false,"includesContinuousMeasurement":false,"includesAllDayPulseOx":false,"includesSleepPulseOx":false,"source":0,"allDayStress":{"userProfilePK":139688925,"calendarDate":"2025-12-03","aggregatorList":[{"type":"TOTAL","averageStressLevel":21,"averageStressLevelIntensity":19,"maxStressLevel":84,"stressIntensityCount":1020,"stressOffWristCount":338,"stressTooActiveCount":52,"totalStressCount":1410,"totalStressIntensity":27595,"stressDuration":20280,"restDuration":40920,"activityDuration":3120,"uncategorizedDuration":20280,"totalDuration":84600,"lowDuration":17100,"mediumDuration":3000,"highDuration":180},{"type":"AWAKE","averageStressLevel":32,"averageStressLevelIntensity":28,"maxStressLevel":84,"stressIntensityCount":542,"stressOffWristCount":336,"stressTooActiveCount":51,"totalStressCount":929,"totalStressIntensity":-1927,"stressDuration":19980,"restDuration":12540,"activityDuration":3060,"uncategorizedDuration":20160,"totalDuration":55740,"lowDuration":16800,"mediumDuration":3000,"highDuration":180},{"type":"ASLEEP","averageStressLevel":9,"averageStressLevelIntensity":10,"maxStressLevel":42,"stressIntensityCount":478,"stressOffWristCount":2,"stressTooActiveCount":1,"totalStressCount":481,"totalStressIntensity":29522,"stressDuration":300,"restDuration":28380,"activityDuration":60,"uncategorizedDuration":120,"totalDuration":28860,"lowDuration":300}]},"bodyBattery":{"userProfilePK":139688925,"calendarDate":"2025-12-03","chargedValue":80,"drainedValue":58,"bodyBatteryVersion":3.0,"bodyBatteryStatList":[{"bodyBatteryStatType":"HIGHEST","statsValue":98,"bodyBatteryStatus":"MEASURED","statTimestamp":"2025-12-03T04:28:00.0"},{"bodyBatteryStatType":"LOWEST","statsValue":18,"bodyBatteryStatus":"MEASURED","statTimestamp":"2025-12-02T19:17:00.0"},{"bodyBatteryStatType":"MOSTRECENT","statsValue":28,"bodyBatteryStatus":"MEASURED","statTimestamp":"2025-12-03T18:30:00.0"},{"bodyBatteryStatType":"ENDOFDAY","statsValue":28,"bodyBatteryStatus":"MEASURED","statTimestamp":"2025-12-03T18:30:00.0"},{"bodyBatteryStatType":"STARTOFDAY","statsValue":20,"bodyBatteryStatus":"RESET","statTimestamp":"2025-12-02T18:47:00.0"},{"bodyBatteryStatType":"SLEEPSTART","statsValue":18,"bodyBatteryStatus":"MEASURED","statTimestamp":"2025-12-02T20:01:00.0"},{"bodyBatteryStatType":"SLEEPEND","statsValue":96,"bodyBatteryStatus":"MEASURED","statTimestamp":"2025-12-03T04:09:00.0"},{"bodyBatteryStatType":"DURINGSLEEP","statsValue":78,"bodyBatteryStatus":"MEASURED","statTimestamp":"2025-12-03T04:09:00.0"}]},"minAvgHeartRate":47,"maxAvgHeartRate":137,"version":84600002,"averageMonitoringEnvironmentAltitude":538.0,"hydration":{"userProfilePK":139688925,"calendarDate":"2025-12-03","valueInML":0.0,"activityIntakeInML":0.0,"goalInML":2839.056,"capped":false,"sweatLossInML":532.0,"adjustedGoalInML":3371.056,"lastEntryTimestampLocal":"2025-12-03T17:33:53.0"},"respiration":{"userProfilePK":139688925,"calendarDate":"2025-12-03","avgWakingRespirationValue":14.0,"highestRespirationValue":22.0,"lowestRespirationValue":6.0,"latestRespirationValue":14.0,"latestRespirationTimeGMT":"2025-12-03T18:30:00.0","algorithmVersion":200},"bodyBatteryFeedback":{"userProfilePk":139688925,"calendarDate":{"year":2025,"month":"DECEMBER","chronology":{"calendarType":"iso8601","id":"ISO"},"dayOfWeek":"WEDNESDAY","era":"CE","dayOfYear":337,"leapYear":false,"monthValue":12,"dayOfMonth":3},"deviceId":3507193870,"bodyBatteryVersion":3.0,"bodyBatteryDynamicFeedbackEvent":{"eventTimestampGmt":{"dayOfWeek":"WEDNESDAY","dayOfYear":337,"year":2025,"month":"DECEMBER","nano":0,"monthValue":12,"dayOfMonth":3,"hour":18,"minute":5,"second":0,"chronology":{"calendarType":"iso8601","id":"ISO"}},"bodyBatteryLevel":4,"feedbackShortType":390,"feedbackLongType":510},"bodyBatteryActivityEventList":[{"eventType":4,"eventStartTimeGmt":{"dayOfWeek":"TUESDAY","dayOfYear":336,"year":2025,"month":"DECEMBER","nano":0,"monthValue":12,"dayOfMonth":2,"hour":20,"minute":0,"second":57,"chronology":{"calendarType":"iso8601","id":"ISO"}},"eventUpdateTimeGmt":{"dayOfWeek":"WEDNESDAY","dayOfYear":337,"year":2025,"month":"DECEMBER","nano":0,"monthValue":12,"dayOfMonth":3,"hour":4,"minute":46,"second":27,"chronology":{"calendarType":"iso8601","id":"ISO"}},"timezoneOffset":19800000,"durationInMilliseconds":29340000,"bodyBatteryImpact":78,"feedbackType":0,"shortFeedback":0},{"eventType":0,"eventStartTimeGmt":{"dayOfWeek":"WEDNESDAY","dayOfYear":337,"year":2025,"month":"DECEMBER","nano":0,"monthValue":12,"dayOfMonth":3,"hour":12,"minute":3,"second":53,"chronology":{"calendarType":"iso8601","id":"ISO"}},"eventUpdateTimeGmt":{"dayOfWeek":"WEDNESDAY","dayOfYear":337,"year":2025,"month":"DECEMBER","nano":0,"monthValue":12,"dayOfMonth":3,"hour":13,"minute":8,"second":9,"chronology":{"calendarType":"iso8601","id":"ISO"}},"timezoneOffset":19800000,"durationInMilliseconds":3840000,"bodyBatteryImpact":-7,"feedbackType":29,"shortFeedback":15}],"version":84600002,"endOfDayBodyBatteryDynamicFeedbackEvent":{"eventTimestampGmt":{"dayOfWeek":"WEDNESDAY","dayOfYear":337,"year":2025,"month":"DECEMBER","nano":0,"monthValue":12,"dayOfMonth":3,"hour":1,"minute":43,"second":13,"chronology":{"calendarType":"iso8601","id":"ISO"}},"bodyBatteryLevel":4,"feedbackShortType":420,"feedbackLongType":580},"preferredActivityTracker":true}},{"userProfilePK":139688925,"calendarDate":"2025-12-04","uuid":"9a072734c01048c6a1d14cf8322c04d4","durationInMilliseconds":86400000,"totalKilocalories":2035.0,"activeKilocalories":76.0,"bmrKilocalories":1959.0,"wellnessKilocalories":2035.0,"wellnessTotalKilocalories":2035.0,"wellnessActiveKilocalories":76.0,"totalSteps":6368,"dailyStepGoal":6980,"totalDistanceMeters":4796,"wellnessDistanceMeters":4796,"wellnessStartTimeGmt":"2025-12-03T18:30:00.0","wellnessEndTimeGmt":"2025-12-04T18:30:00.0","wellnessStartTimeLocal":"2025-12-04T00:00:00.0","wellnessEndTimeLocal":"2025-12-05T00:00:00.0","highlyActiveSeconds":545,"activeSeconds":2359,"moderateIntensityMinutes":0,"vigorousIntensityMinutes":0,"isVigorousDay":false,"floorsAscendedInMeters":24.384,"floorsDescendedInMeters":23.341,"userIntensityMinutesGoal":150,"userFloorsAscendedGoal":10,"minHeartRate":46,"maxHeartRate":107,"restingHeartRate":53,"currentDayRestingHeartRate":50,"restingHeartRateTimestamp":1764873000000,"includesWellnessData":true,"includesActivityData":false,"includesCalorieConsumedData":false,"includesSingleMeasurement":false,"includesContinuousMeasurement":false,"includesAllDayPulseOx":false,"includesSleepPulseOx":false,"source":0,"allDayStress":{"userProfilePK":139688925,"calendarDate":"2025-12-04","aggregatorList":[{"type":"TOTAL","averageStressLevel":26,"averageStressLevelIntensity":22,"maxStressLevel":97,"stressIntensityCount":1211,"stressOffWristCount":119,"stressTooActiveCount":38,"totalStressCount":1368,"totalStressIntensity":17423,"stressDuration":30120,"restDuration":42540,"activityDuration":2280,"uncategorizedDuration":7140,"totalDuration":82080,"lowDuration":24780,"mediumDuration":4620,"highDuration":720},{"type":"AWAKE","averageStressLevel":33,"averageStressLevelIntensity":30,"maxStressLevel":97,"stressIntensityCount":783,"stressOffWristCount":114,"stressTooActiveCount":38,"totalStressCount":935,"totalStressIntensity":-5341,"stressDuration":29820,"restDuration":17160,"activityDuration":2280,"uncategorizedDuration":6840,"totalDuration":56100,"lowDuration":24480,"mediumDuration":4620,"highDuration":720},{"type":"ASLEEP","averageStressLevel":12,"averageStressLevelIntensity":12,"maxStressLevel":36,"stressIntensityCount":428,"stressOffWristCount":5,"totalStressCount":433,"totalStressIntensity":22764,"stressDuration":300,"restDuration":25380,"uncategorizedDuration":300,"totalDuration":25980,"lowDuration":300}]},"bodyBattery":{"userProfilePK":139688925,"calendarDate":"2025-12-04","chargedValue":72,"drainedValue":64,"bodyBatteryVersion":3.0,"bodyBatteryStatList":[{"bodyBatteryStatType":"HIGHEST","statsValue":94,"bodyBatteryStatus":"MEASURED","statTimestamp":"2025-12-04T05:23:00.0"},{"bodyBatteryStatType":"LOWEST","statsValue":24,"bodyBatteryStatus":"MEASURED","statTimestamp":"2025-12-03T19:53:00.0"},{"bodyBatteryStatType":"MOSTRECENT","statsValue":36,"bodyBatteryStatus":"MEASURED","statTimestamp":"2025-12-04T18:30:00.0"},{"bodyBatteryStatType":"ENDOFDAY","statsValue":36,"bodyBatteryStatus":"MEASURED","statTimestamp":"2025-12-04T18:30:00.0"},{"bodyBatteryStatType":"STARTOFDAY","statsValue":28,"bodyBatteryStatus":"MEASURED","statTimestamp":"2025-12-03T18:31:00.0"},{"bodyBatteryStatType":"SLEEPSTART","statsValue":24,"bodyBatteryStatus":"MEASURED","statTimestamp":"2025-12-03T21:32:00.0"},{"bodyBatteryStatType":"SLEEPEND","statsValue":93,"bodyBatteryStatus":"MEASURED","statTimestamp":"2025-12-04T05:10:00.0"},{"bodyBatteryStatType":"DURINGSLEEP","statsValue":69,"bodyBatteryStatus":"MEASURED","statTimestamp":"2025-12-04T05:10:00.0"}]},"minAvgHeartRate":47,"maxAvgHeartRate":107,"version":70320002,"averageMonitoringEnvironmentAltitude":539.0,"respiration":{"userProfilePK":139688925,"calendarDate":"2025-12-04","avgWakingRespirationValue":15.0,"highestRespirationValue":22.0,"lowestRespirationValue":7.0,"latestRespirationValue":15.0,"latestRespirationTimeGMT":"2025-12-04T18:30:00.0","algorithmVersion":200},"bodyBatteryFeedback":{"userProfilePk":139688925,"calendarDate":{"year":2025,"month":"DECEMBER","chronology":{"calendarType":"iso8601","id":"ISO"},"dayOfWeek":"THURSDAY","era":"CE","dayOfYear":338,"leapYear":false,"monthValue":12,"dayOfMonth":4},"deviceId":3507193870,"bodyBatteryVersion":3.0,"bodyBatteryDynamicFeedbackEvent":{"eventTimestampGmt":{"dayOfWeek":"THURSDAY","dayOfYear":338,"year":2025,"month":"DECEMBER","nano":0,"monthValue":12,"dayOfMonth":4,"hour":18,"minute":5,"second":0,"chronology":{"calendarType":"iso8601","id":"ISO"}},"bodyBatteryLevel":4,"feedbackShortType":366,"feedbackLongType":454},"bodyBatteryActivityEventList":[{"eventType":4,"eventStartTimeGmt":{"dayOfWeek":"WEDNESDAY","dayOfYear":337,"year":2025,"month":"DECEMBER","nano":0,"monthValue":12,"dayOfMonth":3,"hour":21,"minute":31,"second":9,"chronology":{"calendarType":"iso8601","id":"ISO"}},"eventUpdateTimeGmt":{"dayOfWeek":"THURSDAY","dayOfYear":338,"year":2025,"month":"DECEMBER","nano":0,"monthValue":12,"dayOfMonth":4,"hour":5,"minute":32,"second":57,"chronology":{"calendarType":"iso8601","id":"ISO"}},"timezoneOffset":19800000,"durationInMilliseconds":27540000,"bodyBatteryImpact":69,"feedbackType":0,"shortFeedback":0}],"version":70320002,"endOfDayBodyBatteryDynamicFeedbackEvent":{"eventTimestampGmt":{"dayOfWeek":"WEDNESDAY","dayOfYear":337,"year":2025,"month":"DECEMBER","nano":0,"monthValue":12,"dayOfMonth":3,"hour":21,"minute":41,"second":33,"chronology":{"calendarType":"iso8601","id":"ISO"}},"bodyBatteryLevel":4,"feedbackShortType":401,"feedbackLongType":536},"preferredActivityTracker":true}},{"userProfilePK":139688925,"calendarDate":"2025-12-05","uuid":"ff1d3a95a1754cebb8dc1c6bec9d3eb8","durationInMilliseconds":86400000,"totalKilocalories":2215.0,"activeKilocalories":256.0,"bmrKilocalories":1959.0,"wellnessKilocalories":2215.0,"wellnessTotalKilocalories":2215.0,"wellnessActiveKilocalories":256.0,"totalSteps":6750,"dailyStepGoal":6860,"totalDistanceMeters":5206,"wellnessDistanceMeters":5206,"wellnessStartTimeGmt":"2025-12-04T18:30:00.0","wellnessEndTimeGmt":"2025-12-05T18:30:00.0","wellnessStartTimeLocal":"2025-12-05T00:00:00.0","wellnessEndTimeLocal":"2025-12-06T00:00:00.0","highlyActiveSeconds":795,"activeSeconds":4068,"moderateIntensityMinutes":0,"vigorousIntensityMinutes":0,"isVigorousDay":false,"floorsAscendedInMeters":26.209,"floorsDescendedInMeters":18.148,"userIntensityMinutesGoal":150,"userFloorsAscendedGoal":10,"minHeartRate":45,"maxHeartRate":120,"restingHeartRate":50,"currentDayRestingHeartRate":51,"restingHeartRateTimestamp":1764959400000,"includesWellnessData":true,"includesActivityData":false,"includesCalorieConsumedData":false,"includesSingleMeasurement":false,"includesContinuousMeasurement":false,"includesAllDayPulseOx":false,"includesSleepPulseOx":false,"source":0,"allDayStress":{"userProfilePK":139688925,"calendarDate":"2025-12-05","aggregatorList":[{"type":"TOTAL","averageStressLevel":24,"averageStressLevelIntensity":19,"maxStressLevel":93,"stressIntensityCount":942,"stressOffWristCount":337,"stressTooActiveCount":98,"totalStressCount":1377,"totalStressIntensity":24841,"stressDuration":15180,"restDuration":41340,"activityDuration":5880,"uncategorizedDuration":20220,"totalDuration":82620,"lowDuration":7140,"mediumDuration":4980,"highDuration":3060},{"type":"AWAKE","averageStressLevel":35,"averageStressLevelIntensity":25,"maxStressLevel":93,"stressIntensityCount":476,"stressOffWristCount":336,"stressTooActiveCount":98,"totalStressCount":910,"totalStressIntensity":1158,"stressDuration":15060,"restDuration":13500,"activityDuration":5880,"uncategorizedDuration":20160,"totalDuration":54600,"lowDuration":7020,"mediumDuration":4980,"highDuration":3060},{"type":"ASLEEP","averageStressLevel":12,"averageStressLevelIntensity":13,"maxStressLevel":41,"stressIntensityCount":466,"stressOffWristCount":1,"totalStressCount":467,"totalStressIntensity":23683,"stressDuration":120,"restDuration":27840,"uncategorizedDuration":60,"totalDuration":28020,"lowDuration":120}]},"bodyBattery":{"userProfilePK":139688925,"calendarDate":"2025-12-05","chargedValue":66,"drainedValue":59,"bodyBatteryVersion":3.0,"bodyBatteryStatList":[{"bodyBatteryStatType":"HIGHEST","statsValue":100,"bodyBatteryStatus":"MEASURED","statTimestamp":"2025-12-05T04:02:00.0"},{"bodyBatteryStatType":"LOWEST","statsValue":28,"bodyBatteryStatus":"MEASURED","statTimestamp":"2025-12-05T18:28:00.0"},{"bodyBatteryStatType":"MOSTRECENT","statsValue":28,"bodyBatteryStatus":"MEASURED","statTimestamp":"2025-12-05T18:30:00.0"},{"bodyBatteryStatType":"ENDOFDAY","statsValue":28,"bodyBatteryStatus":"MEASURED","statTimestamp":"2025-12-05T18:30:00.0"},{"bodyBatteryStatType":"STARTOFDAY","statsValue":36,"bodyBatteryStatus":"MEASURED","statTimestamp":"2025-12-04T18:31:00.0"},{"bodyBatteryStatType":"SLEEPSTART","statsValue":36,"bodyBatteryStatus":"MEASURED","statTimestamp":"2025-12-04T20:20:00.0"},{"bodyBatteryStatType":"SLEEPEND","statsValue":100,"bodyBatteryStatus":"MEASURED","statTimestamp":"2025-12-05T04:29:00.0"},{"bodyBatteryStatType":"DURINGSLEEP","statsValue":64,"bodyBatteryStatus":"MEASURED","statTimestamp":"2025-12-05T04:29:00.0"}]},"minAvgHeartRate":46,"maxAvgHeartRate":120,"version":64980002,"averageMonitoringEnvironmentAltitude":537.0,"respiration":{"userProfilePK":139688925,"calendarDate":"2025-12-05","avgWakingRespirationValue":14.0,"highestRespirationValue":22.0,"lowestRespirationValue":6.0,"latestRespirationValue":10.0,"latestRespirationTimeGMT":"2025-12-05T18:30:00.0","algorithmVersion":200},"bodyBatteryFeedback":{"userProfilePk":139688925,"calendarDate":{"year":2025,"month":"DECEMBER","chronology":{"calendarType":"iso8601","id":"ISO"},"dayOfWeek":"FRIDAY","era":"CE","dayOfYear":339,"leapYear":false,"monthValue":12,"dayOfMonth":5},"deviceId":3507193870,"bodyBatteryVersion":3.0,"bodyBatteryDynamicFeedbackEvent":{"eventTimestampGmt":{"dayOfWeek":"FRIDAY","dayOfYear":339,"year":2025,"month":"DECEMBER","nano":0,"monthValue":12,"dayOfMonth":5,"hour":18,"minute":27,"second":7,"chronology":{"calendarType":"iso8601","id":"ISO"}},"bodyBatteryLevel":3,"feedbackShortType":389,"feedbackLongType":508},"bodyBatteryActivityEventList":[{"eventType":4,"eventStartTimeGmt":{"dayOfWeek":"THURSDAY","dayOfYear":338,"year":2025,"month":"DECEMBER","nano":0,"monthValue":12,"dayOfMonth":4,"hour":20,"minute":19,"second":57,"chronology":{"calendarType":"iso8601","id":"ISO"}},"eventUpdateTimeGmt":{"dayOfWeek":"FRIDAY","dayOfYear":339,"year":2025,"month":"DECEMBER","nano":0,"monthValue":12,"dayOfMonth":5,"hour":4,"minute":45,"second":46,"chronology":{"calendarType":"iso8601","id":"ISO"}},"timezoneOffset":19800000,"durationInMilliseconds":29400000,"bodyBatteryImpact":64,"feedbackType":0,"shortFeedback":0},{"eventType":2,"eventStartTimeGmt":{"dayOfWeek":"FRIDAY","dayOfYear":339,"year":2025,"month":"DECEMBER","nano":0,"monthValue":12,"dayOfMonth":5,"hour":5,"minute":47,"second":27,"chronology":{"calendarType":"iso8601","id":"ISO"}},"eventUpdateTimeGmt":{"dayOfWeek":"FRIDAY","dayOfYear":339,"year":2025,"month":"DECEMBER","nano":0,"monthValue":12,"dayOfMonth":5,"hour":7,"minute":6,"second":37,"chronology":{"calendarType":"iso8601","id":"ISO"}},"timezoneOffset":19800000,"durationInMilliseconds":3660000,"bodyBatteryImpact":-1,"feedbackType":17,"shortFeedback":7}],"version":64980002,"endOfDayBodyBatteryDynamicFeedbackEvent":{"eventTimestampGmt":{"dayOfWeek":"THURSDAY","dayOfYear":338,"year":2025,"month":"DECEMBER","nano":0,"monthValue":12,"dayOfMonth":4,"hour":22,"minute":3,"second":38,"chronology":{"calendarType":"iso8601","id":"ISO"}},"bodyBatteryLevel":4,"feedbackShortType":397,"feedbackLongType":526},"preferredActivityTracker":true}},{"userProfilePK":139688925,"calendarDate":"2025-12-06","uuid":"6bd6e1b28c5f4c03a3da22ead2e8bcaa","durationInMilliseconds":86400000,"totalKilocalories":2273.0,"activeKilocalories":314.0,"bmrKilocalories":1959.0,"wellnessKilocalories":2273.0,"wellnessTotalKilocalories":2273.0,"wellnessActiveKilocalories":314.0,"restingCaloriesFromActivity":122.0,"totalSteps":4796,"dailyStepGoal":6840,"totalDistanceMeters":3625,"wellnessDistanceMeters":3625,"wellnessStartTimeGmt":"2025-12-05T18:30:00.0","wellnessEndTimeGmt":"2025-12-06T18:30:00.0","wellnessStartTimeLocal":"2025-12-06T00:00:00.0","wellnessEndTimeLocal":"2025-12-07T00:00:00.0","highlyActiveSeconds":1047,"activeSeconds":3539,"moderateIntensityMinutes":52,"vigorousIntensityMinutes":0,"isVigorousDay":false,"floorsAscendedInMeters":12.192,"floorsDescendedInMeters":12.148,"userIntensityMinutesGoal":150,"userFloorsAscendedGoal":10,"minHeartRate":45,"maxHeartRate":119,"restingHeartRate":50,"currentDayRestingHeartRate":49,"restingHeartRateTimestamp":1765045800000,"includesWellnessData":true,"includesActivityData":true,"includesCalorieConsumedData":false,"includesSingleMeasurement":false,"includesContinuousMeasurement":false,"includesAllDayPulseOx":false,"includesSleepPulseOx":false,"source":0,"allDayStress":{"userProfilePK":139688925,"calendarDate":"2025-12-06","aggregatorList":[{"type":"TOTAL","averageStressLevel":28,"averageStressLevelIntensity":22,"maxStressLevel":90,"stressIntensityCount":990,"stressOffWristCount":331,"stressTooActiveCount":73,"totalStressCount":1394,"totalStressIntensity":14324,"stressDuration":25020,"restDuration":34380,"activityDuration":4380,"uncategorizedDuration":19860,"totalDuration":83640,"lowDuration":14280,"mediumDuration":9420,"highDuration":1320},{"type":"AWAKE","averageStressLevel":35,"averageStressLevelIntensity":29,"maxStressLevel":90,"stressIntensityCount":481,"stressOffWristCount":326,"stressTooActiveCount":72,"totalStressCount":879,"totalStressIntensity":-2684,"stressDuration":16140,"restDuration":12720,"activityDuration":4320,"uncategorizedDuration":19560,"totalDuration":52740,"lowDuration":8940,"mediumDuration":5880,"highDuration":1320},{"type":"ASLEEP","averageStressLevel":20,"averageStressLevelIntensity":17,"maxStressLevel":72,"stressIntensityCount":509,"stressOffWristCount":5,"stressTooActiveCount":1,"totalStressCount":515,"totalStressIntensity":17008,"stressDuration":8880,"restDuration":21660,"activityDuration":60,"uncategorizedDuration":300,"totalDuration":30900,"lowDuration":5340,"mediumDuration":3540}]},"bodyBattery":{"userProfilePK":139688925,"calendarDate":"2025-12-06","chargedValue":70,"drainedValue":51,"bodyBatteryVersion":3.0,"bodyBatteryStatList":[{"bodyBatteryStatType":"HIGHEST","statsValue":92,"bodyBatteryStatus":"MEASURED","statTimestamp":"2025-12-06T04:56:00.0"},{"bodyBatteryStatType":"LOWEST","statsValue":22,"bodyBatteryStatus":"MEASURED","statTimestamp":"2025-12-05T19:48:00.0"},{"bodyBatteryStatType":"MOSTRECENT","statsValue":32,"bodyBatteryStatus":"MEASURED","statTimestamp":"2025-12-06T18:30:00.0"},{"bodyBatteryStatType":"ENDOFDAY","statsValue":32,"bodyBatteryStatus":"MEASURED","statTimestamp":"2025-12-06T18:30:00.0"},{"bodyBatteryStatType":"STARTOFDAY","statsValue":28,"bodyBatteryStatus":"MEASURED","statTimestamp":"2025-12-05T18:32:00.0"},{"bodyBatteryStatType":"SLEEPSTART","statsValue":22,"bodyBatteryStatus":"MEASURED","statTimestamp":"2025-12-05T19:48:00.0"},{"bodyBatteryStatType":"SLEEPEND","statsValue":91,"bodyBatteryStatus":"MEASURED","statTimestamp":"2025-12-06T04:44:00.0"},{"bodyBatteryStatType":"DURINGSLEEP","statsValue":69,"bodyBatteryStatus":"MEASURED","statTimestamp":"2025-12-06T04:44:00.0"}]},"minAvgHeartRate":46,"maxAvgHeartRate":115,"version":38580003,"averageMonitoringEnvironmentAltitude":533.0,"hydration":{"userProfilePK":139688925,"calendarDate":"2025-12-06","valueInML":0.0,"activityIntakeInML":0.0,"goalInML":2839.056,"capped":false,"sweatLossInML":904.0,"adjustedGoalInML":3743.056,"lastEntryTimestampLocal":"2025-12-06T18:22:59.0"},"respiration":{"userProfilePK":139688925,"calendarDate":"2025-12-06","avgWakingRespirationValue":14.0,"highestRespirationValue":24.0,"lowestRespirationValue":8.0,"latestRespirationValue":15.0,"latestRespirationTimeGMT":"2025-12-06T18:30:00.0","algorithmVersion":200},"bodyBatteryFeedback":{"userProfilePk":139688925,"calendarDate":{"year":2025,"month":"DECEMBER","chronology":{"calendarType":"iso8601","id":"ISO"},"dayOfWeek":"SATURDAY","era":"CE","dayOfYear":340,"leapYear":false,"monthValue":12,"dayOfMonth":6},"deviceId":3507193870,"bodyBatteryVersion":3.0,"bodyBatteryDynamicFeedbackEvent":{"eventTimestampGmt":{"dayOfWeek":"SATURDAY","dayOfYear":340,"year":2025,"month":"DECEMBER","nano":0,"monthValue":12,"dayOfMonth":6,"hour":18,"minute":5,"second":0,"chronology":{"calendarType":"iso8601","id":"ISO"}},"bodyBatteryLevel":4,"feedbackShortType":390,"feedbackLongType":510},"bodyBatteryActivityEventList":[{"eventType":4,"eventStartTimeGmt":{"dayOfWeek":"FRIDAY","dayOfYear":339,"year":2025,"month":"DECEMBER","nano":0,"monthValue":12,"dayOfMonth":5,"hour":19,"minute":47,"second":27,"chronology":{"calendarType":"iso8601","id":"ISO"}},"eventUpdateTimeGmt":{"dayOfWeek":"SATURDAY","dayOfYear":340,"year":2025,"month":"DECEMBER","nano":0,"monthValue":12,"dayOfMonth":6,"hour":5,"minute":7,"second":42,"chronology":{"calendarType":"iso8601","id":"ISO"}},"timezoneOffset":19800000,"durationInMilliseconds":32220000,"bodyBatteryImpact":68,"feedbackType":0,"shortFeedback":0},{"eventType":3,"eventStartTimeGmt":{"dayOfWeek":"SATURDAY","dayOfYear":340,"year":2025,"month":"DECEMBER","nano":0,"monthValue":12,"dayOfMonth":6,"hour":7,"minute":23,"second":22,"chronology":{"calendarType":"iso8601","id":"ISO"}},"eventUpdateTimeGmt":{"dayOfWeek":"SATURDAY","dayOfYear":340,"year":2025,"month":"DECEMBER","nano":0,"monthValue":12,"dayOfMonth":6,"hour":8,"minute":6,"second":23,"chronology":{"calendarType":"iso8601","id":"ISO"}},"timezoneOffset":19800000,"durationInMilliseconds":2400000,"bodyBatteryImpact":0,"feedbackType":3,"shortFeedback":2},{"eventType":0,"eventStartTimeGmt":{"dayOfWeek":"SATURDAY","dayOfYear":340,"year":2025,"month":"DECEMBER","nano":0,"monthValue":12,"dayOfMonth":6,"hour":12,"minute":52,"second":59,"chronology":{"calendarType":"iso8601","id":"ISO"}},"eventUpdateTimeGmt":{"dayOfWeek":"SATURDAY","dayOfYear":340,"year":2025,"month":"DECEMBER","nano":0,"monthValue":12,"dayOfMonth":6,"hour":14,"minute":23,"second":20,"chronology":{"calendarType":"iso8601","id":"ISO"}},"timezoneOffset":19800000,"durationInMilliseconds":5340000,"bodyBatteryImpact":-8,"feedbackType":29,"shortFeedback":15}],"version":38580003,"endOfDayBodyBatteryDynamicFeedbackEvent":{"eventTimestampGmt":{"dayOfWeek":"FRIDAY","dayOfYear":339,"year":2025,"month":"DECEMBER","nano":0,"monthValue":12,"dayOfMonth":5,"hour":21,"minute":30,"second":14,"chronology":{"calendarType":"iso8601","id":"ISO"}},"bodyBatteryLevel":4,"feedbackShortType":396,"feedbackLongType":523},"preferredActivityTracker":true}},{"userProfilePK":139688925,"calendarDate":"2025-12-07","uuid":"a89ceb818ea14cd192ac1a8f2d175b65","durationInMilliseconds":86400000,"totalKilocalories":1973.0,"activeKilocalories":14.0,"bmrKilocalories":1959.0,"wellnessKilocalories":1973.0,"wellnessTotalKilocalories":1973.0,"wellnessActiveKilocalories":14.0,"totalSteps":3630,"dailyStepGoal":6440,"totalDistanceMeters":2732,"wellnessDistanceMeters":2732,"wellnessStartTimeGmt":"2025-12-06T18:30:00.0","wellnessEndTimeGmt":"2025-12-07T18:30:00.0","wellnessStartTimeLocal":"2025-12-07T00:00:00.0","wellnessEndTimeLocal":"2025-12-08T00:00:00.0","highlyActiveSeconds":665,"activeSeconds":857,"moderateIntensityMinutes":0,"vigorousIntensityMinutes":0,"isVigorousDay":false,"floorsAscendedInMeters":28.634,"floorsDescendedInMeters":24.154,"userIntensityMinutesGoal":150,"userFloorsAscendedGoal":10,"minHeartRate":47,"maxHeartRate":99,"restingHeartRate":50,"currentDayRestingHeartRate":51,"restingHeartRateTimestamp":1765132200000,"includesWellnessData":true,"includesActivityData":false,"includesCalorieConsumedData":false,"includesSingleMeasurement":false,"includesContinuousMeasurement":false,"includesAllDayPulseOx":false,"includesSleepPulseOx":false,"source":0,"allDayStress":{"userProfilePK":139688925,"calendarDate":"2025-12-07","aggregatorList":[{"type":"TOTAL","averageStressLevel":20,"averageStressLevelIntensity":19,"maxStressLevel":71,"stressIntensityCount":1330,"stressOffWristCount":78,"stressTooActiveCount":32,"totalStressCount":1440,"totalStressIntensity":35172,"stressDuration":19080,"restDuration":60720,"activityDuration":1920,"uncategorizedDuration":4680,"totalDuration":86400,"lowDuration":17160,"mediumDuration":1920},{"type":"AWAKE","averageStressLevel":25,"averageStressLevelIntensity":23,"maxStressLevel":71,"stressIntensityCount":850,"stressOffWristCount":78,"stressTooActiveCount":32,"totalStressCount":960,"totalStressIntensity":8491,"stressDuration":17880,"restDuration":33120,"activityDuration":1920,"uncategorizedDuration":4680,"totalDuration":57600,"lowDuration":15960,"mediumDuration":1920},{"type":"ASLEEP","averageStressLevel":11,"averageStressLevelIntensity":11,"maxStressLevel":46,"stressIntensityCount":480,"totalStressCount":480,"totalStressIntensity":26681,"stressDuration":1200,"restDuration":27600,"totalDuration":28800,"lowDuration":1200}]},"bodyBattery":{"userProfilePK":139688925,"calendarDate":"2025-12-07","chargedValue":73,"drainedValue":53,"bodyBatteryVersion":3.0,"bodyBatteryStatList":[{"bodyBatteryStatType":"HIGHEST","statsValue":100,"bodyBatteryStatus":"MEASURED","statTimestamp":"2025-12-07T03:53:00.0"},{"bodyBatteryStatType":"LOWEST","statsValue":29,"bodyBatteryStatus":"MEASURED","statTimestamp":"2025-12-06T19:46:00.0"},{"bodyBatteryStatType":"MOSTRECENT","statsValue":52,"bodyBatteryStatus":"MEASURED","statTimestamp":"2025-12-07T18:30:00.0"},{"bodyBatteryStatType":"ENDOFDAY","statsValue":52,"bodyBatteryStatus":"MEASURED","statTimestamp":"2025-12-07T18:30:00.0"},{"bodyBatteryStatType":"STARTOFDAY","statsValue":32,"bodyBatteryStatus":"MEASURED","statTimestamp":"2025-12-06T18:31:00.0"},{"bodyBatteryStatType":"SLEEPSTART","statsValue":29,"bodyBatteryStatus":"MEASURED","statTimestamp":"2025-12-06T20:30:00.0"},{"bodyBatteryStatType":"SLEEPEND","statsValue":100,"bodyBatteryStatus":"MEASURED","statTimestamp":"2025-12-07T04:29:00.0"},{"bodyBatteryStatType":"DURINGSLEEP","statsValue":71,"bodyBatteryStatus":"MEASURED","statTimestamp":"2025-12-07T04:29:00.0"}]},"minAvgHeartRate":48,"maxAvgHeartRate":89,"version":2,"averageMonitoringEnvironmentAltitude":532.0,"respiration":{"userProfilePK":139688925,"calendarDate":"2025-12-07","avgWakingRespirationValue":15.0,"highestRespirationValue":24.0,"lowestRespirationValue":6.0,"latestRespirationValue":16.0,"latestRespirationTimeGMT":"2025-12-07T18:30:00.0","algorithmVersion":200},"bodyBatteryFeedback":{"userProfilePk":139688925,"calendarDate":{"year":2025,"month":"DECEMBER","chronology":{"calendarType":"iso8601","id":"ISO"},"dayOfWeek":"SUNDAY","era":"CE","dayOfYear":341,"leapYear":false,"monthValue":12,"dayOfMonth":7},"deviceId":3507193870,"bodyBatteryVersion":3.0,"bodyBatteryDynamicFeedbackEvent":{"eventTimestampGmt":{"dayOfWeek":"SUNDAY","dayOfYear":341,"year":2025,"month":"DECEMBER","nano":0,"monthValue":12,"dayOfMonth":7,"hour":18,"minute":5,"second":0,"chronology":{"calendarType":"iso8601","id":"ISO"}},"bodyBatteryLevel":4,"feedbackShortType":366,"feedbackLongType":454},"bodyBatteryActivityEventList":[{"eventType":4,"eventStartTimeGmt":{"dayOfWeek":"SATURDAY","dayOfYear":340,"year":2025,"month":"DECEMBER","nano":0,"monthValue":12,"dayOfMonth":6,"hour":20,"minute":29,"second":20,"chronology":{"calendarType":"iso8601","id":"ISO"}},"eventUpdateTimeGmt":{"dayOfWeek":"SUNDAY","dayOfYear":341,"year":2025,"month":"DECEMBER","nano":0,"monthValue":12,"dayOfMonth":7,"hour":5,"minute":26,"second":27,"chronology":{"calendarType":"iso8601","id":"ISO"}},"timezoneOffset":19800000,"durationInMilliseconds":28800000,"bodyBatteryImpact":71,"feedbackType":0,"shortFeedback":0},{"eventType":3,"eventStartTimeGmt":{"dayOfWeek":"SUNDAY","dayOfYear":341,"year":2025,"month":"DECEMBER","nano":0,"monthValue":12,"dayOfMonth":7,"hour":10,"minute":51,"second":37,"chronology":{"calendarType":"iso8601","id":"ISO"}},"eventUpdateTimeGmt":{"dayOfWeek":"SUNDAY","dayOfYear":341,"year":2025,"month":"DECEMBER","nano":0,"monthValue":12,"dayOfMonth":7,"hour":11,"minute":11,"second":30,"chronology":{"calendarType":"iso8601","id":"ISO"}},"timezoneOffset":19800000,"durationInMilliseconds":1020000,"bodyBatteryImpact":1,"feedbackType":2,"shortFeedback":1},{"eventType":3,"eventStartTimeGmt":{"dayOfWeek":"SUNDAY","dayOfYear":341,"year":2025,"month":"DECEMBER","nano":0,"monthValue":12,"dayOfMonth":7,"hour":15,"minute":50,"second":37,"chronology":{"calendarType":"iso8601","id":"ISO"}},"eventUpdateTimeGmt":{"dayOfWeek":"SUNDAY","dayOfYear":341,"year":2025,"month":"DECEMBER","nano":0,"monthValue":12,"dayOfMonth":7,"hour":16,"minute":38,"second":12,"chronology":{"calendarType":"iso8601","id":"ISO"}},"timezoneOffset":19800000,"durationInMilliseconds":2580000,"bodyBatteryImpact":-1,"feedbackType":3,"shortFeedback":2}],"version":2,"endOfDayBodyBatteryDynamicFeedbackEvent":{"eventTimestampGmt":{"dayOfWeek":"SATURDAY","dayOfYear":340,"year":2025,"month":"DECEMBER","nano":0,"monthValue":12,"dayOfMonth":6,"hour":21,"minute":30,"second":9,"chronology":{"calendarType":"iso8601","id":"ISO"}},"bodyBatteryLevel":4,"feedbackShortType":401,"feedbackLongType":536},"preferredActivityTracker":true}},{"userProfilePK":139688925,"calendarDate":"2025-12-08","uuid":"1a22d1802a5b40038d897778a69b5e0b","durationInMilliseconds":86400000,"totalKilocalories":2355.0,"activeKilocalories":396.0,"bmrKilocalories":1959.0,"wellnessKilocalories":2355.0,"wellnessTotalKilocalories":2355.0,"wellnessActiveKilocalories":396.0,"restingCaloriesFromActivity":80.0,"totalSteps":7906,"dailyStepGoal":5880,"totalDistanceMeters":5985,"wellnessDistanceMeters":5985,"wellnessStartTimeGmt":"2025-12-07T18:30:00.0","wellnessEndTimeGmt":"2025-12-08T18:30:00.0","wellnessStartTimeLocal":"2025-12-08T00:00:00.0","wellnessEndTimeLocal":"2025-12-09T00:00:00.0","highlyActiveSeconds":527,"activeSeconds":4999,"moderateIntensityMinutes":41,"vigorousIntensityMinutes":8,"isVigorousDay":false,"floorsAscendedInMeters":23.354,"floorsDescendedInMeters":31.99,"userIntensityMinutesGoal":150,"userFloorsAscendedGoal":10,"minHeartRate":43,"maxHeartRate":143,"restingHeartRate":49,"currentDayRestingHeartRate":45,"restingHeartRateTimestamp":1765218600000,"includesWellnessData":true,"includesActivityData":true,"includesCalorieConsumedData":false,"includesSingleMeasurement":false,"includesContinuousMeasurement":false,"includesAllDayPulseOx":false,"includesSleepPulseOx":false,"source":0,"allDayStress":{"userProfilePK":139688925,"calendarDate":"2025-12-08","aggregatorList":[{"type":"TOTAL","averageStressLevel":20,"averageStressLevelIntensity":16,"maxStressLevel":99,"stressIntensityCount":899,"stressOffWristCount":441,"stressTooActiveCount":99,"totalStressCount":1439,"totalStressIntensity":32229,"stressDuration":17220,"restDuration":36720,"activityDuration":5940,"uncategorizedDuration":26460,"totalDuration":86340,"lowDuration":12660,"mediumDuration":4020,"highDuration":540},{"type":"AWAKE","averageStressLevel":34,"averageStressLevelIntensity":29,"maxStressLevel":99,"stressIntensityCount":429,"stressOffWristCount":439,"stressTooActiveCount":99,"totalStressCount":967,"totalStressIntensity":-2727,"stressDuration":17220,"restDuration":8520,"activityDuration":5940,"uncategorizedDuration":26340,"totalDuration":58020,"lowDuration":12660,"mediumDuration":4020,"highDuration":540},{"type":"ASLEEP","averageStressLevel":6,"averageStressLevelIntensity":7,"maxStressLevel":23,"stressIntensityCount":470,"stressOffWristCount":2,"totalStressCount":472,"totalStressIntensity":34956,"restDuration":28200,"uncategorizedDuration":120,"totalDuration":28320}]},"bodyBattery":{"userProfilePK":139688925,"calendarDate":"2025-12-08","chargedValue":53,"drainedValue":53,"bodyBatteryVersion":3.0,"bodyBatteryStatList":[{"bodyBatteryStatType":"HIGHEST","statsValue":100,"bodyBatteryStatus":"MEASURED","statTimestamp":"2025-12-08T02:49:00.0"},{"bodyBatteryStatType":"LOWEST","statsValue":30,"bodyBatteryStatus":"MEASURED","statTimestamp":"2025-12-08T18:18:00.0"},{"bodyBatteryStatType":"MOSTRECENT","statsValue":30,"bodyBatteryStatus":"MEASURED","statTimestamp":"2025-12-08T18:30:00.0"},{"bodyBatteryStatType":"ENDOFDAY","statsValue":30,"bodyBatteryStatus":"MEASURED","statTimestamp":"2025-12-08T18:30:00.0"},{"bodyBatteryStatType":"STARTOFDAY","statsValue":52,"bodyBatteryStatus":"MEASURED","statTimestamp":"2025-12-07T18:31:00.0"},{"bodyBatteryStatType":"SLEEPSTART","statsValue":47,"bodyBatteryStatus":"MEASURED","statTimestamp":"2025-12-07T20:32:00.0"},{"bodyBatteryStatType":"SLEEPEND","statsValue":100,"bodyBatteryStatus":"MEASURED","statTimestamp":"2025-12-08T04:23:00.0"},{"bodyBatteryStatType":"DURINGSLEEP","statsValue":53,"bodyBatteryStatus":"MEASURED","statTimestamp":"2025-12-08T04:23:00.0"}]},"minAvgHeartRate":43,"maxAvgHeartRate":140,"version":52980003,"averageMonitoringEnvironmentAltitude":537.0,"hydration":{"userProfilePK":139688925,"calendarDate":"2025-12-08","valueInML":0.0,"activityIntakeInML":0.0,"goalInML":2839.056,"capped":false,"sweatLossInML":688.0,"adjustedGoalInML":3527.056,"lastEntryTimestampLocal":"2025-12-08T16:46:21.0"},"respiration":{"userProfilePK":139688925,"calendarDate":"2025-12-08","avgWakingRespirationValue":15.0,"highestRespirationValue":21.0,"lowestRespirationValue":7.0,"latestRespirationValue":17.0,"latestRespirationTimeGMT":"2025-12-08T18:30:00.0","algorithmVersion":200},"bodyBatteryFeedback":{"userProfilePk":139688925,"calendarDate":{"year":2025,"month":"DECEMBER","chronology":{"calendarType":"iso8601","id":"ISO"},"dayOfWeek":"MONDAY","era":"CE","dayOfYear":342,"leapYear":false,"monthValue":12,"dayOfMonth":8},"deviceId":3507193870,"bodyBatteryVersion":3.0,"bodyBatteryDynamicFeedbackEvent":{"eventTimestampGmt":{"dayOfWeek":"MONDAY","dayOfYear":342,"year":2025,"month":"DECEMBER","nano":0,"monthValue":12,"dayOfMonth":8,"hour":18,"minute":5,"second":0,"chronology":{"calendarType":"iso8601","id":"ISO"}},"bodyBatteryLevel":4,"feedbackShortType":390,"feedbackLongType":510},"bodyBatteryActivityEventList":[{"eventType":4,"eventStartTimeGmt":{"dayOfWeek":"SUNDAY","dayOfYear":341,"year":2025,"month":"DECEMBER","nano":0,"monthValue":12,"dayOfMonth":7,"hour":20,"minute":31,"second":22,"chronology":{"calendarType":"iso8601","id":"ISO"}},"eventUpdateTimeGmt":{"dayOfWeek":"MONDAY","dayOfYear":342,"year":2025,"month":"DECEMBER","nano":0,"monthValue":12,"dayOfMonth":8,"hour":4,"minute":38,"second":29,"chronology":{"calendarType":"iso8601","id":"ISO"}},"timezoneOffset":19800000,"durationInMilliseconds":28320000,"bodyBatteryImpact":53,"feedbackType":0,"shortFeedback":0},{"eventType":0,"eventStartTimeGmt":{"dayOfWeek":"MONDAY","dayOfYear":342,"year":2025,"month":"DECEMBER","nano":0,"monthValue":12,"dayOfMonth":8,"hour":11,"minute":16,"second":21,"chronology":{"calendarType":"iso8601","id":"ISO"}},"eventUpdateTimeGmt":{"dayOfWeek":"MONDAY","dayOfYear":342,"year":2025,"month":"DECEMBER","nano":0,"monthValue":12,"dayOfMonth":8,"hour":12,"minute":15,"second":20,"chronology":{"calendarType":"iso8601","id":"ISO"}},"timezoneOffset":19800000,"durationInMilliseconds":3480000,"bodyBatteryImpact":-7,"feedbackType":28,"shortFeedback":35}],"version":52980003,"endOfDayBodyBatteryDynamicFeedbackEvent":{"eventTimestampGmt":{"dayOfWeek":"SUNDAY","dayOfYear":341,"year":2025,"month":"DECEMBER","nano":0,"monthValue":12,"dayOfMonth":7,"hour":21,"minute":29,"second":31,"chronology":{"calendarType":"iso8601","id":"ISO"}},"bodyBatteryLevel":4,"feedbackShortType":397,"feedbackLongType":526},"preferredActivityTracker":true}},{"userProfilePK":139688925,"calendarDate":"2025-12-09","uuid":"e8b8ba401aab49359bf834d5c3fc0961","durationInMilliseconds":86400000,"totalKilocalories":2022.0,"activeKilocalories":63.0,"bmrKilocalories":1959.0,"wellnessKilocalories":2022.0,"wellnessTotalKilocalories":2022.0,"wellnessActiveKilocalories":63.0,"totalSteps":6165,"dailyStepGoal":6090,"totalDistanceMeters":4681,"wellnessDistanceMeters":4681,"wellnessStartTimeGmt":"2025-12-08T18:30:00.0","wellnessEndTimeGmt":"2025-12-09T18:30:00.0","wellnessStartTimeLocal":"2025-12-09T00:00:00.0","wellnessEndTimeLocal":"2025-12-10T00:00:00.0","highlyActiveSeconds":245,"activeSeconds":2664,"moderateIntensityMinutes":0,"vigorousIntensityMinutes":0,"isVigorousDay":false,"floorsAscendedInMeters":21.336,"floorsDescendedInMeters":18.03,"userIntensityMinutesGoal":150,"userFloorsAscendedGoal":10,"minHeartRate":42,"maxHeartRate":101,"restingHeartRate":49,"currentDayRestingHeartRate":46,"restingHeartRateTimestamp":1765305000000,"includesWellnessData":true,"includesActivityData":false,"includesCalorieConsumedData":false,"includesSingleMeasurement":false,"includesContinuousMeasurement":false,"includesAllDayPulseOx":false,"includesSleepPulseOx":false,"source":0,"allDayStress":{"userProfilePK":139688925,"calendarDate":"2025-12-09","aggregatorList":[{"type":"TOTAL","averageStressLevel":23,"averageStressLevelIntensity":21,"maxStressLevel":93,"stressIntensityCount":1309,"stressOffWristCount":104,"stressTooActiveCount":26,"totalStressCount":1439,"totalStressIntensity":24637,"stressDuration":28320,"restDuration":50220,"activityDuration":1560,"uncategorizedDuration":6240,"totalDuration":86340,"lowDuration":23760,"mediumDuration":3960,"highDuration":600},{"type":"AWAKE","averageStressLevel":31,"averageStressLevelIntensity":26,"maxStressLevel":93,"stressIntensityCount":805,"stressOffWristCount":103,"stressTooActiveCount":26,"totalStressCount":934,"totalStressIntensity":-1826,"stressDuration":26760,"restDuration":21540,"activityDuration":1560,"uncategorizedDuration":6180,"totalDuration":56040,"lowDuration":22260,"mediumDuration":3960,"highDuration":540},{"type":"ASLEEP","averageStressLevel":12,"averageStressLevelIntensity":12,"maxStressLevel":82,"stressIntensityCount":504,"stressOffWristCount":1,"totalStressCount":505,"totalStressIntensity":26463,"stressDuration":1560,"restDuration":28680,"uncategorizedDuration":60,"totalDuration":30300,"lowDuration":1500,"highDuration":60}]},"bodyBattery":{"userProfilePK":139688925,"calendarDate":"2025-12-09","chargedValue":73,"drainedValue":63,"bodyBatteryVersion":3.0,"bodyBatteryStatList":[{"bodyBatteryStatType":"HIGHEST","statsValue":98,"bodyBatteryStatus":"MEASURED","statTimestamp":"2025-12-09T04:28:00.0"},{"bodyBatteryStatType":"LOWEST","statsValue":25,"bodyBatteryStatus":"MEASURED","statTimestamp":"2025-12-08T19:57:00.0"},{"bodyBatteryStatType":"MOSTRECENT","statsValue":40,"bodyBatteryStatus":"MEASURED","statTimestamp":"2025-12-09T18:30:00.0"},{"bodyBatteryStatType":"ENDOFDAY","statsValue":40,"bodyBatteryStatus":"MEASURED","statTimestamp":"2025-12-09T18:30:00.0"},{"bodyBatteryStatType":"STARTOFDAY","statsValue":30,"bodyBatteryStatus":"MEASURED","statTimestamp":"2025-12-08T18:31:00.0"},{"bodyBatteryStatType":"SLEEPSTART","statsValue":25,"bodyBatteryStatus":"MEASURED","statTimestamp":"2025-12-08T20:06:00.0"},{"bodyBatteryStatType":"SLEEPEND","statsValue":98,"bodyBatteryStatus":"MEASURED","statTimestamp":"2025-12-09T04:30:00.0"},{"bodyBatteryStatType":"DURINGSLEEP","statsValue":73,"bodyBatteryStatus":"MEASURED","statTimestamp":"2025-12-09T04:30:00.0"}]},"minAvgHeartRate":44,"maxAvgHeartRate":100,"version":66780003,"averageMonitoringEnvironmentAltitude":535.0,"respiration":{"userProfilePK":139688925,"calendarDate":"2025-12-09","avgWakingRespirationValue":14.0,"highestRespirationValue":22.0,"lowestRespirationValue":7.0,"latestRespirationValue":14.0,"latestRespirationTimeGMT":"2025-12-09T18:30:00.0","algorithmVersion":200},"bodyBatteryFeedback":{"userProfilePk":139688925,"calendarDate":{"year":2025,"month":"DECEMBER","chronology":{"calendarType":"iso8601","id":"ISO"},"dayOfWeek":"TUESDAY","era":"CE","dayOfYear":343,"leapYear":false,"monthValue":12,"dayOfMonth":9},"deviceId":3507193870,"bodyBatteryVersion":3.0,"bodyBatteryDynamicFeedbackEvent":{"eventTimestampGmt":{"dayOfWeek":"TUESDAY","dayOfYear":343,"year":2025,"month":"DECEMBER","nano":0,"monthValue":12,"dayOfMonth":9,"hour":18,"minute":5,"second":0,"chronology":{"calendarType":"iso8601","id":"ISO"}},"bodyBatteryLevel":4,"feedbackShortType":366,"feedbackLongType":454},"bodyBatteryActivityEventList":[{"eventType":4,"eventStartTimeGmt":{"dayOfWeek":"MONDAY","dayOfYear":342,"year":2025,"month":"DECEMBER","nano":0,"monthValue":12,"dayOfMonth":8,"hour":20,"minute":5,"second":20,"chronology":{"calendarType":"iso8601","id":"ISO"}},"eventUpdateTimeGmt":{"dayOfWeek":"TUESDAY","dayOfYear":343,"year":2025,"month":"DECEMBER","nano":0,"monthValue":12,"dayOfMonth":9,"hour":5,"minute":12,"second":23,"chronology":{"calendarType":"iso8601","id":"ISO"}},"timezoneOffset":19800000,"durationInMilliseconds":30300000,"bodyBatteryImpact":73,"feedbackType":0,"shortFeedback":0},{"eventType":3,"eventStartTimeGmt":{"dayOfWeek":"TUESDAY","dayOfYear":343,"year":2025,"month":"DECEMBER","nano":0,"monthValue":12,"dayOfMonth":9,"hour":10,"minute":34,"second":48,"chronology":{"calendarType":"iso8601","id":"ISO"}},"eventUpdateTimeGmt":{"dayOfWeek":"TUESDAY","dayOfYear":343,"year":2025,"month":"DECEMBER","nano":0,"monthValue":12,"dayOfMonth":9,"hour":11,"minute":31,"second":17,"chronology":{"calendarType":"iso8601","id":"ISO"}},"timezoneOffset":19800000,"durationInMilliseconds":3120000,"bodyBatteryImpact":-2,"feedbackType":3,"shortFeedback":2}],"version":66780003,"endOfDayBodyBatteryDynamicFeedbackEvent":{"eventTimestampGmt":{"dayOfWeek":"MONDAY","dayOfYear":342,"year":2025,"month":"DECEMBER","nano":0,"monthValue":12,"dayOfMonth":8,"hour":23,"minute":35,"second":13,"chronology":{"calendarType":"iso8601","id":"ISO"}},"bodyBatteryLevel":4,"feedbackShortType":400,"feedbackLongType":533},"preferredActivityTracker":true}},{"userProfilePK":139688925,"calendarDate":"2025-12-10","uuid":"7c8749763d594cf994814a8b04163af1","durationInMilliseconds":86400000,"totalKilocalories":1978.0,"activeKilocalories":19.0,"bmrKilocalories":1959.0,"wellnessKilocalories":1978.0,"wellnessTotalKilocalories":1978.0,"wellnessActiveKilocalories":19.0,"totalSteps":3042,"dailyStepGoal":6110,"totalDistanceMeters":2296,"wellnessDistanceMeters":2296,"wellnessStartTimeGmt":"2025-12-09T18:30:00.0","wellnessEndTimeGmt":"2025-12-10T18:30:00.0","wellnessStartTimeLocal":"2025-12-10T00:00:00.0","wellnessEndTimeLocal":"2025-12-11T00:00:00.0","highlyActiveSeconds":318,"activeSeconds":1098,"moderateIntensityMinutes":0,"vigorousIntensityMinutes":0,"isVigorousDay":false,"floorsAscendedInMeters":18.903,"floorsDescendedInMeters":15.37,"userIntensityMinutesGoal":150,"userFloorsAscendedGoal":10,"minHeartRate":45,"maxHeartRate":102,"restingHeartRate":49,"currentDayRestingHeartRate":49,"restingHeartRateTimestamp":1765391400000,"includesWellnessData":true,"includesActivityData":false,"includesCalorieConsumedData":false,"includesSingleMeasurement":false,"includesContinuousMeasurement":false,"includesAllDayPulseOx":false,"includesSleepPulseOx":false,"source":0,"allDayStress":{"userProfilePK":139688925,"calendarDate":"2025-12-10","aggregatorList":[{"type":"TOTAL","averageStressLevel":24,"averageStressLevelIntensity":21,"maxStressLevel":90,"stressIntensityCount":1321,"stressOffWristCount":103,"stressTooActiveCount":15,"totalStressCount":1439,"totalStressIntensity":25626,"stressDuration":29460,"restDuration":49800,"activityDuration":900,"uncategorizedDuration":6180,"totalDuration":86340,"lowDuration":21900,"mediumDuration":6540,"highDuration":1020},{"type":"AWAKE","averageStressLevel":34,"averageStressLevelIntensity":31,"maxStressLevel":90,"stressIntensityCount":771,"stressOffWristCount":89,"stressTooActiveCount":14,"totalStressCount":874,"totalStressIntensity":-6158,"stressDuration":29040,"restDuration":17220,"activityDuration":840,"uncategorizedDuration":5340,"totalDuration":52440,"lowDuration":21660,"mediumDuration":6360,"highDuration":1020},{"type":"ASLEEP","averageStressLevel":11,"averageStressLevelIntensity":11,"maxStressLevel":62,"stressIntensityCount":550,"stressOffWristCount":14,"stressTooActiveCount":1,"totalStressCount":565,"totalStressIntensity":31784,"stressDuration":420,"restDuration":32580,"activityDuration":60,"uncategorizedDuration":840,"totalDuration":33900,"lowDuration":240,"mediumDuration":180}]},"bodyBattery":{"userProfilePK":139688925,"calendarDate":"2025-12-10","chargedValue":65,"drainedValue":63,"bodyBatteryVersion":3.0,"bodyBatteryStatList":[{"bodyBatteryStatType":"HIGHEST","statsValue":100,"bodyBatteryStatus":"MEASURED","statTimestamp":"2025-12-10T04:06:00.0"},{"bodyBatteryStatType":"LOWEST","statsValue":35,"bodyBatteryStatus":"MODELED","statTimestamp":"2025-12-09T19:56:00.0"},{"bodyBatteryStatType":"MOSTRECENT","statsValue":42,"bodyBatteryStatus":"MEASURED","statTimestamp":"2025-12-10T18:30:00.0"},{"bodyBatteryStatType":"ENDOFDAY","statsValue":42,"bodyBatteryStatus":"MEASURED","statTimestamp":"2025-12-10T18:30:00.0"},{"bodyBatteryStatType":"STARTOFDAY","statsValue":40,"bodyBatteryStatus":"MEASURED","statTimestamp":"2025-12-09T18:31:00.0"},{"bodyBatteryStatType":"SLEEPSTART","statsValue":35,"bodyBatteryStatus":"MEASURED","statTimestamp":"2025-12-09T20:14:00.0"},{"bodyBatteryStatType":"SLEEPEND","statsValue":100,"bodyBatteryStatus":"MEASURED","statTimestamp":"2025-12-10T05:38:00.0"},{"bodyBatteryStatType":"DURINGSLEEP","statsValue":65,"bodyBatteryStatus":"MEASURED","statTimestamp":"2025-12-10T05:38:00.0"}]},"minAvgHeartRate":46,"maxAvgHeartRate":98,"version":77820002,"averageMonitoringEnvironmentAltitude":535.0,"respiration":{"userProfilePK":139688925,"calendarDate":"2025-12-10","avgWakingRespirationValue":16.0,"highestRespirationValue":22.0,"lowestRespirationValue":8.0,"latestRespirationValue":19.0,"latestRespirationTimeGMT":"2025-12-10T18:30:00.0","algorithmVersion":200},"bodyBatteryFeedback":{"userProfilePk":139688925,"calendarDate":{"year":2025,"month":"DECEMBER","chronology":{"calendarType":"iso8601","id":"ISO"},"dayOfWeek":"WEDNESDAY","era":"CE","dayOfYear":344,"leapYear":false,"monthValue":12,"dayOfMonth":10},"deviceId":3507193870,"bodyBatteryVersion":3.0,"bodyBatteryDynamicFeedbackEvent":{"eventTimestampGmt":{"dayOfWeek":"WEDNESDAY","dayOfYear":344,"year":2025,"month":"DECEMBER","nano":0,"monthValue":12,"dayOfMonth":10,"hour":18,"minute":5,"second":0,"chronology":{"calendarType":"iso8601","id":"ISO"}},"bodyBatteryLevel":4,"feedbackShortType":366,"feedbackLongType":454},"bodyBatteryActivityEventList":[{"eventType":4,"eventStartTimeGmt":{"dayOfWeek":"TUESDAY","dayOfYear":343,"year":2025,"month":"DECEMBER","nano":0,"monthValue":12,"dayOfMonth":9,"hour":20,"minute":13,"second":23,"chronology":{"calendarType":"iso8601","id":"ISO"}},"eventUpdateTimeGmt":{"dayOfWeek":"WEDNESDAY","dayOfYear":344,"year":2025,"month":"DECEMBER","nano":0,"monthValue":12,"dayOfMonth":10,"hour":6,"minute":6,"second":6,"chronology":{"calendarType":"iso8601","id":"ISO"}},"timezoneOffset":19800000,"durationInMilliseconds":33900000,"bodyBatteryImpact":65,"feedbackType":0,"shortFeedback":0}],"version":77820002,"endOfDayBodyBatteryDynamicFeedbackEvent":{"eventTimestampGmt":{"dayOfWeek":"TUESDAY","dayOfYear":343,"year":2025,"month":"DECEMBER","nano":0,"monthValue":12,"dayOfMonth":9,"hour":21,"minute":30,"second":27,"chronology":{"calendarType":"iso8601","id":"ISO"}},"bodyBatteryLevel":4,"feedbackShortType":397,"feedbackLongType":526},"preferredActivityTracker":true}},{"userProfilePK":139688925,"calendarDate":"2025-12-11","uuid":"0644f45fb832493999864f54adc27a17","durationInMilliseconds":67380000,"totalKilocalories":1987.0,"activeKilocalories":460.0,"bmrKilocalories":1527.0,"wellnessKilocalories":1987.0,"wellnessTotalKilocalories":1987.0,"wellnessActiveKilocalories":460.0,"restingCaloriesFromActivity":92.0,"totalSteps":5471,"dailyStepGoal":5810,"totalDistanceMeters":4175,"wellnessDistanceMeters":4175,"wellnessStartTimeGmt":"2025-12-10T18:30:00.0","wellnessEndTimeGmt":"2025-12-11T13:13:00.0","wellnessStartTimeLocal":"2025-12-11T00:00:00.0","wellnessEndTimeLocal":"2025-12-11T18:43:00.0","highlyActiveSeconds":157,"activeSeconds":4272,"moderateIntensityMinutes":48,"vigorousIntensityMinutes":14,"isVigorousDay":false,"floorsAscendedInMeters":21.336,"floorsDescendedInMeters":11.635,"userIntensityMinutesGoal":150,"userFloorsAscendedGoal":10,"minHeartRate":43,"maxHeartRate":150,"restingHeartRate":48,"currentDayRestingHeartRate":46,"restingHeartRateTimestamp":1765458780000,"includesWellnessData":true,"includesActivityData":true,"includesCalorieConsumedData":false,"includesSingleMeasurement":false,"includesContinuousMeasurement":false,"includesAllDayPulseOx":false,"includesSleepPulseOx":false,"source":0,"allDayStress":{"userProfilePK":139688925,"calendarDate":"2025-12-11","aggregatorList":[{"type":"TOTAL","averageStressLevel":19,"averageStressLevelIntensity":17,"maxStressLevel":93,"stressIntensityCount":963,"stressOffWristCount":93,"stressTooActiveCount":67,"totalStressCount":1123,"totalStressIntensity":32739,"stressDuration":10260,"restDuration":47520,"activityDuration":4020,"uncategorizedDuration":5580,"totalDuration":67380,"lowDuration":7080,"mediumDuration":2400,"highDuration":780},{"type":"AWAKE","averageStressLevel":28,"averageStressLevelIntensity":23,"maxStressLevel":93,"stressIntensityCount":462,"stressOffWristCount":87,"stressTooActiveCount":67,"totalStressCount":616,"totalStressIntensity":3922,"stressDuration":10080,"restDuration":17640,"activityDuration":4020,"uncategorizedDuration":5220,"totalDuration":36960,"lowDuration":6900,"mediumDuration":2400,"highDuration":780},{"type":"ASLEEP","averageStressLevel":11,"averageStressLevelIntensity":11,"maxStressLevel":40,"stressIntensityCount":501,"stressOffWristCount":6,"totalStressCount":507,"totalStressIntensity":28817,"stressDuration":180,"restDuration":29880,"uncategorizedDuration":360,"totalDuration":30420,"lowDuration":180}]},"bodyBattery":{"userProfilePK":139688925,"calendarDate":"2025-12-11","chargedValue":62,"drainedValue":46,"bodyBatteryVersion":3.0,"bodyBatteryStatList":[{"bodyBatteryStatType":"HIGHEST","statsValue":100,"bodyBatteryStatus":"MEASURED","statTimestamp":"2025-12-11T07:07:00.0"},{"bodyBatteryStatType":"LOWEST","statsValue":40,"bodyBatteryStatus":"MEASURED","statTimestamp":"2025-12-10T19:25:00.0"},{"bodyBatteryStatType":"MOSTRECENT","statsValue":58,"bodyBatteryStatus":"MEASURED","statTimestamp":"2025-12-11T13:13:00.0"},{"bodyBatteryStatType":"STARTOFDAY","statsValue":42,"bodyBatteryStatus":"MEASURED","statTimestamp":"2025-12-10T18:31:00.0"},{"bodyBatteryStatType":"SLEEPSTART","statsValue":47,"bodyBatteryStatus":"MEASURED","statTimestamp":"2025-12-10T22:43:00.0"},{"bodyBatteryStatType":"SLEEPEND","statsValue":100,"bodyBatteryStatus":"MEASURED","statTimestamp":"2025-12-11T07:09:00.0"},{"bodyBatteryStatType":"DURINGSLEEP","statsValue":53,"bodyBatteryStatus":"MEASURED","statTimestamp":"2025-12-11T07:09:00.0"}]},"minAvgHeartRate":45,"maxAvgHeartRate":142,"version":67380000,"averageMonitoringEnvironmentAltitude":536.0,"hydration":{"userProfilePK":139688925,"calendarDate":"2025-12-11","valueInML":0.0,"activityIntakeInML":0.0,"goalInML":2839.056,"capped":false,"sweatLossInML":792.0,"adjustedGoalInML":3631.056,"lastEntryTimestampLocal":"2025-12-11T17:11:14.0"},"respiration":{"userProfilePK":139688925,"calendarDate":"2025-12-11","avgWakingRespirationValue":15.0,"highestRespirationValue":22.0,"lowestRespirationValue":7.0,"latestRespirationValue":17.0,"latestRespirationTimeGMT":"2025-12-11T13:13:00.0","algorithmVersion":200},"bodyBatteryFeedback":{"userProfilePk":139688925,"calendarDate":{"year":2025,"month":"DECEMBER","chronology":{"calendarType":"iso8601","id":"ISO"},"dayOfWeek":"THURSDAY","era":"CE","dayOfYear":345,"leapYear":false,"monthValue":12,"dayOfMonth":11},"deviceId":3507193870,"bodyBatteryVersion":3.0,"bodyBatteryDynamicFeedbackEvent":{"eventTimestampGmt":{"dayOfWeek":"THURSDAY","dayOfYear":345,"year":2025,"month":"DECEMBER","nano":0,"monthValue":12,"dayOfMonth":11,"hour":13,"minute":6,"second":27,"chronology":{"calendarType":"iso8601","id":"ISO"}},"bodyBatteryLevel":3,"feedbackShortType":339,"feedbackLongType":392},"bodyBatteryActivityEventList":[{"eventType":4,"eventStartTimeGmt":{"dayOfWeek":"WEDNESDAY","dayOfYear":344,"year":2025,"month":"DECEMBER","nano":0,"monthValue":12,"dayOfMonth":10,"hour":22,"minute":42,"second":6,"chronology":{"calendarType":"iso8601","id":"ISO"}},"eventUpdateTimeGmt":{"dayOfWeek":"THURSDAY","dayOfYear":345,"year":2025,"month":"DECEMBER","nano":0,"monthValue":12,"dayOfMonth":11,"hour":7,"minute":9,"second":9,"chronology":{"calendarType":"iso8601","id":"ISO"}},"timezoneOffset":19800000,"durationInMilliseconds":30420000,"bodyBatteryImpact":53,"feedbackType":0,"shortFeedback":0},{"eventType":0,"eventStartTimeGmt":{"dayOfWeek":"THURSDAY","dayOfYear":345,"year":2025,"month":"DECEMBER","nano":0,"monthValue":12,"dayOfMonth":11,"hour":11,"minute":41,"second":14,"chronology":{"calendarType":"iso8601","id":"ISO"}},"eventUpdateTimeGmt":{"dayOfWeek":"THURSDAY","dayOfYear":345,"year":2025,"month":"DECEMBER","nano":0,"monthValue":12,"dayOfMonth":11,"hour":12,"minute":48,"second":32,"chronology":{"calendarType":"iso8601","id":"ISO"}},"timezoneOffset":19800000,"durationInMilliseconds":4020000,"bodyBatteryImpact":-9,"feedbackType":28,"shortFeedback":49}],"version":67380000,"endOfDayBodyBatteryDynamicFeedbackEvent":{"eventTimestampGmt":{"dayOfWeek":"WEDNESDAY","dayOfYear":344,"year":2025,"month":"DECEMBER","nano":0,"monthValue":12,"dayOfMonth":10,"hour":21,"minute":31,"second":24,"chronology":{"calendarType":"iso8601","id":"ISO"}},"bodyBatteryLevel":4,"feedbackShortType":397,"feedbackLongType":526},"preferredActivityTracker":true}}]