{"id":434058938,"profileId":139688925,"displayName":"df491c8a-f771-4efe-9ec7-ef92d78552af","fullName":"Ainesh","userName":"sannidhiainu@gmail.com","profileImageUrlLarge":"https://s3.amazonaws.com/garmin-connect-prod/profile_images/945affab-8edc-4188-98ca-55546ea507d5-prof.png","profileImageUrlMedium":"https://s3.amazonaws.com/garmin-connect-prod/profile_images/945affab-8edc-4188-98ca-55546ea507d5-prfr.png","profileImageUrlSmall":"https://s3.amazonaws.com/garmin-connect-prod/profile_images/945affab-8edc-4188-98ca-55546ea507d5-prth.png","runningTrainingSpeed":0.0,"cyclingTrainingSpeed":0.0,"cyclingMaxAvgPower":0.0,"swimmingTrainingSpeed":0.0,"profileVisibility":"private","activityStartVisibility":"public","activityMapVisibility":"public","courseVisibility":"public","activityHeartRateVisibility":"public","activityPowerVisibility":"public","badgeVisibility":"following","showAge":false,"showWeight":false,"showHeight":false,"showWeightClass":false,"showAgeRange":false,"showGender":false,"showActivityClass":false,"showVO2Max":false,"showPersonalRecords":true,"showLast12Months":true,"showLifetimeTotals":true,"showUpcomingEvents":true,"showRecentFavorites":true,"showRecentDevice":true,"showRecentGear":false,"showBadges":true,"nameApproved":true,"makeGolfScorecardsPrivate":false,"allowGolfLiveScoring":false,"allowGolfScoringByConnections":true,"userLevel":1,"userPoint":4,"levelUpdateDate":"2025-11-28T05:18:22.0","levelIsViewed":false,"levelUpdateDateGMT":"2025-11-28T05:18:22.0","userPro":false}