[{"sport":"RUNNING","functionalThresholdPower":394.0,"zone1Floor":256.0,"zone2Floor":315.0,"zone3Floor":355.0,"zone4Floor":394.0,"zone5Floor":453.0,"zone6Floor":0.0,"zone7Floor":0.0},{"sport":"CYCLING","functionalThresholdPower":191.0,"zone1Floor":0.0,"zone2Floor":105.0,"zone3Floor":143.0,"zone4Floor":172.0,"zone5Floor":201.0,"zone6Floor":229.0,"zone7Floor":287.0},{"sport":"CROSS_COUNTRY_SKIING","functionalThresholdPower":114.0,"zone1Floor":0.0,"zone2Floor":63.0,"zone3Floor":86.0,"zone4Floor":103.0,"zone5Floor":120.0,"zone6Floor":137.0,"zone7Floor":171.0}]