[{"createTimestamp":"2025-11-28T18:26:08.467","asOfDateGmt":"2025-11-28T00:00:00.0","chronologicalAge":23,"bmi":27.09753739866339,"rhr":72,"totalVigorousDays":0,"totalVigorousIMs":0,"numOfWeeksForIM":6,"healthyBmi":20.677338129496405,"healthyFat":13.6375,"vo2MaxForHealthyBmiFat":49.68767939163668,"vo2MaxForHealthyRhr":43.6801452110131,"vo2MaxForHealthyActive":46.1046136322071,"biometricVo2Max":42.6249688951621,"currentBioAge":23.627900740686542,"healthyAllBioAge":18.0,"healthyBmiFatBioAge":18.0,"healthyRhrBioAge":22.889655309128962,"healthyActiveBioAge":20.91033816139753,"weightDataLastEntryDate":"2025-11-28","rhrLastEntryDate":"2025-11-28"},{"createTimestamp":"2025-11-29T19:36:11.353","asOfDateGmt":"2025-11-29T00:00:00.0","chronologicalAge":23,"bmi":27.09753739866339,"rhr":66,"totalVigorousDays":0,"totalVigorousIMs":0,"numOfWeeksForIM":6,"healthyBmi":20.677338129496405,"healthyFat":13.6375,"vo2MaxForHealthyBmiFat":50.62329689163668,"vo2MaxForHealthyRhr":43.6801452110131,"vo2MaxForHealthyActive":47.0090504743651,"biometricVo2Max":43.529405737320104,"currentBioAge":23.00554348564967,"healthyAllBioAge":18.0,"healthyBmiFatBioAge":18.0,"healthyRhrBioAge":22.889655309128962,"healthyActiveBioAge":20.084960842594267,"weightDataLastEntryDate":"2025-11-28","rhrLastEntryDate":"2025-11-29"},{"createTimestamp":"2025-11-30T05:25:43.933","asOfDateGmt":"2025-11-30T00:00:00.0","chronologicalAge":23,"bmi":27.09753739866339,"rhr":62,"totalVigorousDays":0,"totalVigorousIMs":0,"numOfWeeksForIM":6,"healthyBmi":20.677338129496405,"healthyFat":13.6375,"vo2MaxForHealthyBmiFat":50.779233141636674,"vo2MaxForHealthyActive":47.1597899480581,"biometricVo2Max":44.1323636320921,"currentBioAge":22.539930752434383,"healthyAllBioAge":18.0,"healthyBmiFatBioAge":18.0,"healthyActiveBioAge":19.944614028656407,"weightDataLastEntryDate":"2025-11-28","rhrLastEntryDate":"2025-11-30"},{"createTimestamp":"2025-12-03T15:02:47.157","asOfDateGmt":"2025-12-01T00:00:00.0","chronologicalAge":23,"bmi":27.09753739866339,"rhr":60,"totalVigorousDays":0,"totalVigorousIMs":1,"numOfWeeksForIM":6,"healthyBmi":20.677338129496405,"healthyFat":13.6375,"vo2MaxForHealthyBmiFat":50.779233141636674,"vo2MaxForHealthyActive":47.1597899480581,"biometricVo2Max":44.433842579478096,"currentBioAge":22.306781047971338,"healthyAllBioAge":18.0,"healthyBmiFatBioAge":18.0,"healthyActiveBioAge":19.944614028656407,"weightDataLastEntryDate":"2025-11-28","rhrLastEntryDate":"2025-12-01"},{"createTimestamp":"2025-12-03T15:03:03.17","asOfDateGmt":"2025-12-02T00:00:00.0","chronologicalAge":23,"bmi":27.09753739866339,"rhr":59,"totalVigorousDays":0,"totalVigorousIMs":1,"numOfWeeksForIM":6,"healthyBmi":20.677338129496405,"healthyFat":13.6375,"vo2MaxForHealthyBmiFat":50.779233141636674,"vo2MaxForHealthyActive":47.1597899480581,"biometricVo2Max":44.5845820531711,"currentBioAge":22.19020619573981,"healthyAllBioAge":18.0,"healthyBmiFatBioAge":18.0,"healthyActiveBioAge":19.944614028656407,"weightDataLastEntryDate":"2025-11-28","rhrLastEntryDate":"2025-12-02"},{"createTimestamp":"2025-12-03T15:07:46.55","asOfDateGmt":"2025-12-03T00:00:00.0","chronologicalAge":23,"bmi":27.09753739866339,"rhr":58,"totalVigorousDays":0,"totalVigorousIMs":10,"numOfWeeksForIM":6,"healthyBmi":20.677338129496405,"healthyFat":13.6375,"vo2MaxForHealthyBmiFat":50.779233141636674,"vo2MaxForHealthyActive":47.1597899480581,"biometricVo2Max":44.7353215268641,"currentBioAge":22.073631343508282,"healthyAllBioAge":18.0,"healthyBmiFatBioAge":18.0,"healthyActiveBioAge":19.944614028656407,"weightDataLastEntryDate":"2025-11-28","rhrLastEntryDate":"2025-12-03"}]