[{"calendarDate":"2025-11-29","createTimestampUTC":"2025-11-29T05:50:37.327","updateTimestampUTC":"2025-11-29T05:50:37.327","outliersCount":0,"metrics":[{"type":"HRV","value":73.0,"baselineUpperLimit":0.0,"baselineLowerLimit":0.0,"status":"ONBOARDING","percentage":0.0,"feedbackKey":"LHA_OFF_YOUR_BASELINE_FEEDBACK_HRV_UNKNOWN"},{"type":"HR","value":55.0,"baselineUpperLimit":0.0,"baselineLowerLimit":0.0,"status":"ONBOARDING","percentage":0.0,"feedbackKey":"LHA_OFF_YOUR_BASELINE_FEEDBACK_HEART_RATE_UNKNOWN"},{"type":"SPO2","baselineUpperLimit":0.0,"baselineLowerLimit":0.0,"status":"UNKNOWN","percentage":0.0,"feedbackKey":"LHA_OFF_YOUR_BASELINE_FEEDBACK_BLOOD_OXYGEN_UNKNOWN"},{"type":"SKIN_TEMP_C","baselineUpperLimit":0.0,"baselineLowerLimit":0.0,"status":"UNKNOWN","percentage":0.0,"feedbackKey":"LHA_OFF_YOUR_BASELINE_FEEDBACK_SKIN_TEMPERATURE_UNKNOWN"},{"type":"RESPIRATION","value":15.4,"baselineUpperLimit":0.0,"baselineLowerLimit":0.0,"status":"ONBOARDING","percentage":0.0,"feedbackKey":"LHA_OFF_YOUR_BASELINE_FEEDBACK_RESPIRATION_RATE_UNKNOWN"}]},{"calendarDate":"2025-11-30","createTimestampUTC":"2025-11-30T05:26:47.900","updateTimestampUTC":"2025-11-30T05:26:47.900","outliersCount":0,"metrics":[{"type":"HRV","value":68.0,"baselineUpperLimit":0.0,"baselineLowerLimit":0.0,"status":"ONBOARDING","percentage":0.0,"feedbackKey":"LHA_OFF_YOUR_BASELINE_FEEDBACK_HRV_UNKNOWN"},{"type":"HR","value":53.0,"baselineUpperLimit":0.0,"baselineLowerLimit":0.0,"status":"ONBOARDING","percentage":0.0,"feedbackKey":"LHA_OFF_YOUR_BASELINE_FEEDBACK_HEART_RATE_UNKNOWN"},{"type":"SPO2","baselineUpperLimit":0.0,"baselineLowerLimit":0.0,"status":"UNKNOWN","percentage":0.0,"feedbackKey":"LHA_OFF_YOUR_BASELINE_FEEDBACK_BLOOD_OXYGEN_UNKNOWN"},{"type":"SKIN_TEMP_C","baselineUpperLimit":0.0,"baselineLowerLimit":0.0,"status":"UNKNOWN","percentage":0.0,"feedbackKey":"LHA_OFF_YOUR_BASELINE_FEEDBACK_SKIN_TEMPERATURE_UNKNOWN"},{"type":"RESPIRATION","value":15.3,"baselineUpperLimit":0.0,"baselineLowerLimit":0.0,"status":"ONBOARDING","percentage":0.0,"feedbackKey":"LHA_OFF_YOUR_BASELINE_FEEDBACK_RESPIRATION_RATE_UNKNOWN"}]},{"calendarDate":"2025-12-01","createTimestampUTC":"2025-12-03T15:02:38.490","updateTimestampUTC":"2025-12-03T15:02:38.490","outliersCount":0,"metrics":[{"type":"HRV","value":68.0,"baselineUpperLimit":0.0,"baselineLowerLimit":0.0,"status":"ONBOARDING","percentage":0.0,"feedbackKey":"LHA_OFF_YOUR_BASELINE_FEEDBACK_HRV_UNKNOWN"},{"type":"HR","value":52.0,"baselineUpperLimit":0.0,"baselineLowerLimit":0.0,"status":"ONBOARDING","percentage":0.0,"feedbackKey":"LHA_OFF_YOUR_BASELINE_FEEDBACK_HEART_RATE_UNKNOWN"},{"type":"SPO2","baselineUpperLimit":0.0,"baselineLowerLimit":0.0,"status":"UNKNOWN","percentage":0.0,"feedbackKey":"LHA_OFF_YOUR_BASELINE_FEEDBACK_BLOOD_OXYGEN_UNKNOWN"},{"type":"SKIN_TEMP_C","baselineUpperLimit":0.0,"baselineLowerLimit":0.0,"status":"UNKNOWN","percentage":0.0,"feedbackKey":"LHA_OFF_YOUR_BASELINE_FEEDBACK_SKIN_TEMPERATURE_UNKNOWN"},{"type":"RESPIRATION","value":14.5,"baselineUpperLimit":0.0,"baselineLowerLimit":0.0,"status":"ONBOARDING","percentage":0.0,"feedbackKey":"LHA_OFF_YOUR_BASELINE_FEEDBACK_RESPIRATION_RATE_UNKNOWN"}]},{"calendarDate":"2025-12-02","createTimestampUTC":"2025-12-03T15:02:56.165","updateTimestampUTC":"2025-12-03T15:02:56.165","outliersCount":0,"metrics":[{"type":"HRV","value":63.0,"baselineUpperLimit":0.0,"baselineLowerLimit":0.0,"status":"ONBOARDING","percentage":0.0,"feedbackKey":"LHA_OFF_YOUR_BASELINE_FEEDBACK_HRV_UNKNOWN"},{"type":"HR","value":54.0,"baselineUpperLimit":0.0,"baselineLowerLimit":0.0,"status":"ONBOARDING","percentage":0.0,"feedbackKey":"LHA_OFF_YOUR_BASELINE_FEEDBACK_HEART_RATE_UNKNOWN"},{"type":"SPO2","baselineUpperLimit":0.0,"baselineLowerLimit":0.0,"status":"UNKNOWN","percentage":0.0,"feedbackKey":"LHA_OFF_YOUR_BASELINE_FEEDBACK_BLOOD_OXYGEN_UNKNOWN"},{"type":"SKIN_TEMP_C","baselineUpperLimit":0.0,"baselineLowerLimit":0.0,"status":"UNKNOWN","percentage":0.0,"feedbackKey":"LHA_OFF_YOUR_BASELINE_FEEDBACK_SKIN_TEMPERATURE_UNKNOWN"},{"type":"RESPIRATION","value":14.5,"baselineUpperLimit":0.0,"baselineLowerLimit":0.0,"status":"ONBOARDING","percentage":0.0,"feedbackKey":"LHA_OFF_YOUR_BASELINE_FEEDBACK_RESPIRATION_RATE_UNKNOWN"}]},{"calendarDate":"2025-12-03","createTimestampUTC":"2025-12-03T15:03:21.623","updateTimestampUTC":"2025-12-03T15:03:21.623","outliersCount":0,"metrics":[{"type":"HRV","value":68.0,"baselineUpperLimit":0.0,"baselineLowerLimit":0.0,"status":"ONBOARDING","percentage":0.0,"feedbackKey":"LHA_OFF_YOUR_BASELINE_FEEDBACK_HRV_UNKNOWN"},{"type":"HR","value":52.0,"baselineUpperLimit":0.0,"baselineLowerLimit":0.0,"status":"ONBOARDING","percentage":0.0,"feedbackKey":"LHA_OFF_YOUR_BASELINE_FEEDBACK_HEART_RATE_UNKNOWN"},{"type":"SPO2","baselineUpperLimit":0.0,"baselineLowerLimit":0.0,"status":"UNKNOWN","percentage":0.0,"feedbackKey":"LHA_OFF_YOUR_BASELINE_FEEDBACK_BLOOD_OXYGEN_UNKNOWN"},{"type":"SKIN_TEMP_C","baselineUpperLimit":0.0,"baselineLowerLimit":0.0,"status":"UNKNOWN","percentage":0.0,"feedbackKey":"LHA_OFF_YOUR_BASELINE_FEEDBACK_SKIN_TEMPERATURE_UNKNOWN"},{"type":"RESPIRATION","value":14.3,"baselineUpperLimit":0.0,"baselineLowerLimit":0.0,"status":"ONBOARDING","percentage":0.0,"feedbackKey":"LHA_OFF_YOUR_BASELINE_FEEDBACK_RESPIRATION_RATE_UNKNOWN"}]}]