[{"retro":false},{"sleepStartTimestampGMT":"2025-11-28T21:44:09.0","sleepEndTimestampGMT":"2025-11-29T05:24:09.0","calendarDate":"2025-11-29","sleepWindowConfirmationType":"ENHANCED_CONFIRMED_FINAL","deepSleepSeconds":4260,"lightSleepSeconds":16320,"remSleepSeconds":4980,"awakeSleepSeconds":2040,"unmeasurableSeconds":0,"averageRespiration":15.4,"lowestRespiration":10.0,"highestRespiration":22.0,"retro":false,"awakeCount":4,"avgSleepStress":6.650000095367432,"sleepScores":{"overallScore":72,"qualityScore":77,"durationScore":81,"recoveryScore":100,"deepScore":83,"remScore":77,"lightScore":80,"awakeningsCountScore":32,"awakeTimeScore":66,"combinedAwakeScore":49,"restfulnessScore":70,"interruptionsScore":50,"feedback":"NEGATIVE_LONG_BUT_DISCONTINUOUS","insight":"NONE"},"restlessMomentCount":49},{"sleepStartTimestampGMT":"2025-11-29T20:50:10.0","sleepEndTimestampGMT":"2025-11-30T04:56:10.0","calendarDate":"2025-11-30","sleepWindowConfirmationType":"ENHANCED_CONFIRMED_FINAL","deepSleepSeconds":4980,"lightSleepSeconds":17520,"remSleepSeconds":5700,"awakeSleepSeconds":960,"unmeasurableSeconds":0,"averageRespiration":15.32,"lowestRespiration":7.0,"highestRespiration":21.0,"retro":false,"awakeCount":0,"avgSleepStress":12.880000114440918,"sleepScores":{"overallScore":89,"qualityScore":86,"durationScore":96,"recoveryScore":88,"deepScore":88,"remScore":78,"lightScore":83,"awakeningsCountScore":100,"awakeTimeScore":85,"combinedAwakeScore":92,"restfulnessScore":71,"interruptionsScore":88,"feedback":"POSITIVE_LONG_AND_RECOVERING","insight":"POSITIVE_LATE_BED_TIME"},"restlessMomentCount":52},{"sleepStartTimestampGMT":"2025-11-30T20:00:27.0","sleepEndTimestampGMT":"2025-12-01T04:32:27.0","calendarDate":"2025-12-01","sleepWindowConfirmationType":"ENHANCED_CONFIRMED_FINAL","deepSleepSeconds":7500,"lightSleepSeconds":15180,"remSleepSeconds":7200,"awakeSleepSeconds":840,"unmeasurableSeconds":0,"averageRespiration":14.5,"lowestRespiration":6.0,"highestRespiration":20.0,"retro":false,"awakeCount":2,"avgSleepStress":10.90999984741211,"sleepScores":{"overallScore":94,"qualityScore":92,"durationScore":100,"recoveryScore":96,"deepScore":100,"remScore":100,"lightScore":100,"awakeningsCountScore":74,"awakeTimeScore":88,"combinedAwakeScore":81,"restfulnessScore":89,"interruptionsScore":81,"feedback":"POSITIVE_OPTIMAL_STRUCTURE","insight":"NONE"},"restlessMomentCount":38},{"sleepStartTimestampGMT":"2025-12-01T19:47:35.0","sleepEndTimestampGMT":"2025-12-02T03:57:35.0","calendarDate":"2025-12-02","sleepWindowConfirmationType":"ENHANCED_CONFIRMED_FINAL","deepSleepSeconds":3660,"lightSleepSeconds":20040,"remSleepSeconds":2760,"awakeSleepSeconds":2940,"unmeasurableSeconds":0,"averageRespiration":14.58,"lowestRespiration":6.0,"highestRespiration":20.0,"retro":false,"awakeCount":3,"avgSleepStress":17.84000015258789,"sleepScores":{"overallScore":71,"qualityScore":67,"durationScore":84,"recoveryScore":74,"deepScore":76,"remScore":57,"lightScore":65,"awakeningsCountScore":61,"awakeTimeScore":51,"combinedAwakeScore":56,"restfulnessScore":79,"interruptionsScore":61,"feedback":"NEGATIVE_LONG_BUT_NOT_ENOUGH_REM","insight":"NONE"},"restlessMomentCount":41},{"sleepStartTimestampGMT":"2025-12-02T20:00:57.0","sleepEndTimestampGMT":"2025-12-03T04:09:57.0","calendarDate":"2025-12-03","sleepWindowConfirmationType":"ENHANCED_CONFIRMED_FINAL","deepSleepSeconds":6300,"lightSleepSeconds":13920,"remSleepSeconds":5820,"awakeSleepSeconds":3300,"unmeasurableSeconds":0,"averageRespiration":14.38,"lowestRespiration":8.0,"highestRespiration":20.0,"retro":false,"awakeCount":2,"avgSleepStress":12.369999885559082,"sleepScores":{"overallScore":81,"qualityScore":83,"durationScore":89,"recoveryScore":91,"deepScore":100,"remScore":89,"lightScore":99,"awakeningsCountScore":74,"awakeTimeScore":45,"combinedAwakeScore":59,"restfulnessScore":72,"interruptionsScore":63,"feedback":"POSITIVE_LONG_AND_DEEP","insight":"POSITIVE_LATE_BED_TIME"},"restlessMomentCount":47},{"retro":false}]