[{"userProfilePK":139688925,"calendarDate":"2025-12-09","deviceId":3507193870,"timestamp":"2025-12-08T18:31:27.0","raceTime5K":1405,"raceTime10K":3057,"raceTimeHalf":7021,"raceTimeMarathon":16005},{"userProfilePK":139688925,"calendarDate":"2025-12-09","deviceId":3507193870,"timestamp":"2025-12-09T05:12:23.0","raceTime5K":1405,"raceTime10K":3057,"raceTimeHalf":7021,"raceTimeMarathon":16005},{"userProfilePK":139688925,"calendarDate":"2025-12-10","deviceId":3507193870,"timestamp":"2025-12-09T18:31:27.0","raceTime5K":1405,"raceTime10K":3057,"raceTimeHalf":7021,"raceTimeMarathon":16005},{"userProfilePK":139688925,"calendarDate":"2025-12-10","deviceId":3507193870,"timestamp":"2025-12-09T19:59:34.0","raceTime5K":1405,"raceTime10K":3057,"raceTimeHalf":7021,"raceTimeMarathon":16005},{"userProfilePK":139688925,"calendarDate":"2025-12-10","deviceId":3507193870,"timestamp":"2025-12-10T06:06:06.0","raceTime5K":1405,"raceTime10K":3057,"raceTimeHalf":7021,"raceTimeMarathon":16005},{"userProfilePK":139688925,"calendarDate":"2025-12-11","deviceId":3507193870,"timestamp":"2025-12-11T07:09:09.0","raceTime5K":1405,"raceTime10K":3057,"raceTimeHalf":7021,"raceTimeMarathon":16005},{"userProfilePK":139688925,"calendarDate":"2025-12-11","deviceId":3507193870,"timestamp":"2025-12-11T12:48:32.0","raceTime5K":1405,"raceTime10K":3057,"raceTimeHalf":7021,"raceTimeMarathon":16005},{"userProfilePK":139688925,"calendarDate":"2025-12-11","deviceId":3507193870,"timestamp":"2025-12-10T18:31:27.0","raceTime5K":1405,"raceTime10K":3057,"raceTimeHalf":7021,"raceTimeMarathon":16005},{"userProfilePK":139688925,"calendarDate":"2025-12-12","deviceId":3507193870,"timestamp":"2025-12-11T18:43:26.0","raceTime5K":1405,"raceTime10K":3057,"raceTimeHalf":7021,"raceTimeMarathon":16005}]