[{"summarizedActivitiesExport":[{"activityId":21228853794,"uuidMsb":-6970533264959651649,"uuidLsb":-8689343443929541442,"name":"Strength","activityType":"strength_training","userProfileId":139688925,"timeZoneId":165,"beginTimestamp":1765453274000,"eventTypeId":9,"rule":"private","sportType":"TRAINING","startTimeGmt":1.765453274E12,"startTimeLocal":1.765473074E12,"duration":4025250.0,"distance":0.0,"avgSpeed":0.0,"avgHr":117.0,"maxHr":160.0,"minHr":77.0,"steps":298.0,"calories":1763.99842,"bmrCalories":385.48184,"aerobicTrainingEffect":2.0999999046325684,"avgFractionalCadence":0.0,"maxFractionalCadence":0.0,"elapsedDuration":4025250.0,"movingDuration":856848.9990234375,"anaerobicTrainingEffect":1.7000000476837158,"deviceId":3507193870,"minTemperature":27.0,"maxTemperature":30.0,"summarizedExerciseSets":[{"category":"SIT_UP","reps":51,"volume":0,"duration":399323.00186157227,"sets":5,"maxWeight":0},{"category":"PULL_UP","reps":46,"volume":0,"duration":263606.0028076172,"sets":4,"maxWeight":0},{"category":"UNKNOWN","reps":38,"volume":0,"duration":129208.00399780273,"sets":3,"maxWeight":0},{"category":"SQUAT","reps":14,"volume":0,"duration":64711.997985839844,"sets":1,"maxWeight":0}],"summarizedDiveInfo":{},"manufacturer":"GARMIN","lapCount":1,"waterEstimated":792.0,"activeSets":13,"totalSets":13,"totalReps":149,"trainingEffectLabel":"ANAEROBIC_CAPACITY","aerobicTrainingEffectMessage":"MAINTAINING_AEROBIC_FITNESS_1","anaerobicTrainingEffectMessage":"MINOR_ANAEROBIC_BENEFIT_15","moderateIntensityMinutes":46,"vigorousIntensityMinutes":13,"differenceBodyBattery":-9,"hrTimeInZone_0":154484,"hrTimeInZone_1":2071147,"hrTimeInZone_2":1403185,"hrTimeInZone_3":376383,"hrTimeInZone_4":6801,"hrTimeInZone_5":0,"hrTimeInZone_6":0,"decoDive":false,"purposeful":false,"autoCalcCalories":false,"favorite":false,"pr":false,"elevationCorrected":false,"atpActivity":false,"parent":false},{"activityId":21210521095,"uuidMsb":-640677362352504370,"uuidLsb":-8380571070498850590,"name":"Strength","activityType":"strength_training","userProfileId":139688925,"timeZoneId":165,"beginTimestamp":1765192581000,"eventTypeId":9,"rule":"private","sportType":"TRAINING","startTimeGmt":1.765192581E12,"startTimeLocal":1.765212381E12,"duration":3533832.03125,"distance":0.0,"avgSpeed":0.0,"avgHr":115.0,"maxHr":150.0,"minHr":67.0,"steps":140.0,"calories":1529.3573,"bmrCalories":335.2016,"aerobicTrainingEffect":1.7999999523162842,"avgFractionalCadence":0.0,"maxFractionalCadence":0.0,"elapsedDuration":3533832.03125,"movingDuration":1581876.953125,"anaerobicTrainingEffect":2.0999999046325684,"deviceId":3507193870,"minTemperature":27.0,"maxTemperature":30.0,"summarizedExerciseSets":[{"category":"BENCH_PRESS","reps":32,"volume":0,"duration":869084.9952697754,"sets":5,"maxWeight":0},{"category":"LATERAL_RAISE","reps":12,"volume":0,"duration":196914.9932861328,"sets":1,"maxWeight":0},{"category":"UNKNOWN","reps":26,"volume":0,"duration":515877.00271606445,"sets":5,"maxWeight":0}],"summarizedDiveInfo":{},"manufacturer":"GARMIN","lapCount":1,"waterEstimated":688.0,"activeSets":11,"totalSets":11,"totalReps":70,"trainingEffectLabel":"ANAEROBIC_CAPACITY","aerobicTrainingEffectMessage":"MINOR_AEROBIC_BENEFIT_6","anaerobicTrainingEffectMessage":"MAINTAINING_ANAEROBIC_BASE_1","moderateIntensityMinutes":39,"vigorousIntensityMinutes":8,"differenceBodyBattery":-7,"hrTimeInZone_0":356252,"hrTimeInZone_1":1648448,"hrTimeInZone_2":1289442,"hrTimeInZone_3":230001,"hrTimeInZone_4":0,"hrTimeInZone_5":0,"hrTimeInZone_6":0,"decoDive":false,"purposeful":false,"autoCalcCalories":false,"favorite":false,"pr":false,"elevationCorrected":false,"atpActivity":false,"parent":false},{"activityId":21184883055,"uuidMsb":-4089073989796345655,"uuidLsb":-4924716925195540949,"name":"Strength","activityType":"strength_training","userProfileId":139688925,"timeZoneId":165,"beginTimestamp":1765025579000,"eventTypeId":9,"rule":"private","sportType":"FITNESS_EQUIPMENT","startTimeGmt":1.765025579E12,"startTimeLocal":1.765045379E12,"duration":5355526.85546875,"distance":0.0,"avgSpeed":0.0,"avgHr":100.0,"maxHr":138.0,"minHr":42.0,"steps":334.0,"calories":1659.2479199999998,"bmrCalories":511.18243999999993,"aerobicTrainingEffect":0.6000000238418579,"avgFractionalCadence":0.0,"maxFractionalCadence":0.0,"elapsedDuration":5355526.85546875,"movingDuration":1142521.97265625,"anaerobicTrainingEffect":0.0,"deviceId":3507193870,"minTemperature":27.0,"maxTemperature":31.0,"summarizedExerciseSets":[{"category":"SIT_UP","reps":13,"volume":0,"duration":121884.9983215332,"sets":2,"maxWeight":0},{"category":"LATERAL_RAISE","reps":34,"volume":0,"duration":223447.00241088867,"sets":3,"maxWeight":0},{"category":"CURL","reps":58,"volume":0,"duration":440885.9977722168,"sets":6,"maxWeight":0},{"category":"ROW","reps":17,"volume":0,"duration":86235.00061035156,"sets":2,"maxWeight":0},{"category":"UNKNOWN","reps":25,"volume":0,"duration":210534.00039672852,"sets":3,"maxWeight":0},{"category":"TRICEPS_EXTENSION","subCategory":"DUMBBELL_KICKBACK","reps":20,"volume":0,"duration":59534.99984741211,"sets":1,"maxWeight":0}],"summarizedDiveInfo":{},"manufacturer":"GARMIN","lapCount":1,"waterEstimated":904.0,"activeSets":17,"totalSets":17,"totalReps":167,"trainingEffectLabel":"AEROBIC_BASE","aerobicTrainingEffectMessage":"MINOR_AEROBIC_BENEFIT_6","anaerobicTrainingEffectMessage":"NO_ANAEROBIC_BENEFIT_0","moderateIntensityMinutes":50,"vigorousIntensityMinutes":0,"differenceBodyBattery":-8,"hrTimeInZone_0":2288050,"hrTimeInZone_1":2664356,"hrTimeInZone_2":382618,"hrTimeInZone_3":4999,"hrTimeInZone_4":0,"hrTimeInZone_5":0,"hrTimeInZone_6":0,"decoDive":false,"purposeful":false,"autoCalcCalories":false,"favorite":false,"pr":false,"elevationCorrected":false,"atpActivity":false,"parent":false},{"activityId":21159045593,"uuidMsb":-432924486161644597,"uuidLsb":-6350828123219817782,"name":"Strength","activityType":"strength_training","userProfileId":139688925,"timeZoneId":165,"beginTimestamp":1764763433000,"eventTypeId":9,"rule":"private","sportType":"FITNESS_EQUIPMENT","startTimeGmt":1.764763433E12,"startTimeLocal":1.764783233E12,"duration":3847292.96875,"distance":0.0,"avgSpeed":0.0,"avgHr":113.0,"maxHr":147.0,"minHr":32.0,"steps":176.0,"calories":1596.39762,"bmrCalories":368.72175999999996,"aerobicTrainingEffect":1.7999999523162842,"avgFractionalCadence":0.0,"maxFractionalCadence":0.0,"elapsedDuration":3847292.96875,"movingDuration":1209723.0224609375,"anaerobicTrainingEffect":0.5,"deviceId":3507193870,"minTemperature":26.0,"maxTemperature":29.0,"summarizedExerciseSets":[{"category":"SIT_UP","reps":16,"volume":0,"duration":214232.00225830078,"sets":2,"maxWeight":0},{"category":"LATERAL_RAISE","reps":16,"volume":0,"duration":69960.99853515625,"sets":1,"maxWeight":0},{"category":"UNKNOWN","reps":56,"volume":0,"duration":925529.9873352051,"sets":11,"maxWeight":0}],"summarizedDiveInfo":{},"manufacturer":"GARMIN","lapCount":1,"waterEstimated":532.0,"activeSets":14,"totalSets":14,"totalReps":88,"trainingEffectLabel":"AEROBIC_BASE","aerobicTrainingEffectMessage":"MINOR_AEROBIC_BENEFIT_6","anaerobicTrainingEffectMessage":"NO_ANAEROBIC_BENEFIT_0","moderateIntensityMinutes":40,"vigorousIntensityMinutes":9,"differenceBodyBattery":-7,"hrTimeInZone_0":3238538,"hrTimeInZone_1":595601,"hrTimeInZone_2":0,"hrTimeInZone_3":0,"hrTimeInZone_4":0,"hrTimeInZone_5":0,"hrTimeInZone_6":0,"decoDive":false,"purposeful":false,"autoCalcCalories":false,"favorite":false,"pr":false,"elevationCorrected":false,"atpActivity":false,"parent":false}]}]