[{"personalRecords":[{"personalRecordId":2798363895,"activityId":0,"value":10448.0,"prStartTimeGMT":"Thu Nov 27 18:30:00 GMT 2025","personalRecordType":"Most Steps in a Day","createdDate":"2025-11-28","current":true,"confirmed":true},{"personalRecordId":2798363896,"activityId":0,"value":38817.0,"prStartTimeGMT":"Sat Dec 06 18:30:00 GMT 2025","personalRecordType":"Most Steps in a Week","createdDate":"2025-11-28","current":true,"confirmed":true},{"personalRecordId":2798363897,"activityId":0,"value":61401.0,"prStartTimeGMT":"Wed Dec 10 18:30:00 GMT 2025","personalRecordType":"Most Steps in a Month","createdDate":"2025-11-28","current":true,"confirmed":true},{"personalRecordId":2798369321,"activityId":0,"value":0.0,"prStartTimeGMT":"Wed Dec 10 18:30:00 GMT 2025","personalRecordType":"Current Goal Streak","createdDate":"2025-11-28","current":true,"confirmed":true},{"personalRecordId":2798561558,"activityId":0,"value":2.0,"prStartTimeGMT":"Mon Dec 08 18:30:00 GMT 2025","personalRecordType":"Longest Goal Streak","createdDate":"2025-11-28","current":true,"confirmed":true}]}]